vehicle_id,lap,lap_time_s,lap_interval_s,is_outlier,AIR_TEMP,HUMIDITY,WIND_SPEED,RAIN,POSITION,NUMBER,LAPS,TOTAL_TIME,FL_TIME,avg_speed_est,is_fastest_lap,FL_KPH,FL_TIME_SEC,TOTAL_TIME_SEC,GAP_FIRST_SEC,lap_diff_from_mean,lap_time_ratio,lap_time_change,cumulative_time,temp_lap_ratio,wind_lap_ratio,humidity_effect,position_norm,speed_efficiency,fast_lap_gap,lap_progress,is_first_lap,is_last_lap,lap_consistency,mean_lap_time,lap_std,min_lap,max_lap,n_laps,mean_speed,mean_air_temp,mean_humidity,mean_wind
GR86-002-2,0,23.221,23.22,False,,,,,19.0,2.0,15.0,45:31.281,2:40.838,620.1283321131734,True,145.8,160.838,2731.281,27.592,-276.40770000000003,0.0774992515736977,,23.221,,,,0.6785714285714286,4.2532807415169644,-137.617,0.0,0,0,0.003915900539112876,299.62870000000004,254.36910092883616,23.221,900.226,10,116.68580487756222,21.322,94.63714285714286,6.4799999999999995
GR86-002-2,1,900.226,900.243,False,21.0,94.67,2.52,0.0,19.0,2.0,15.0,45:31.281,2:40.838,15.995983230877576,False,145.8,160.838,2731.281,27.592,600.5972999999999,3.004471868015313,877.005,923.447,42.86790476190476,343.5977099236641,85224.39542,0.6785714285714286,0.1097118191418215,739.388,0.06666666666666667,1,0,0.003915900539112876,299.62870000000004,254.36910092883616,23.221,900.226,10,116.68580487756222,21.322,94.63714285714286,6.4799999999999995
GR86-002-2,2,228.716,228.721,False,,94.6,0.36,0.0,19.0,2.0,15.0,45:31.281,2:40.838,62.96017768761258,False,145.8,160.838,2731.281,27.592,-70.91270000000003,0.7633314165165085,-671.51,1152.163,,497.20869565217396,21636.5336,0.6785714285714286,0.4318256357175074,67.87800000000001,0.13333333333333333,0,0,0.003915900539112876,299.62870000000004,254.36910092883616,23.221,900.226,10,116.68580487756222,21.322,94.63714285714286,6.4799999999999995
GR86-002-2,3,211.844,211.95,False,21.19,94.62,18.36,0.0,19.0,2.0,15.0,45:31.281,2:40.838,67.97454730839675,False,145.8,160.838,2731.281,27.592,-87.78470000000004,0.7070217238869306,-16.872000000000014,1364.007,9.99735724398301,11.47583965330444,20044.67928,0.6785714285714286,0.46621774559942897,51.006,0.2,0,0,0.003915900539112876,299.62870000000004,254.36910092883616,23.221,900.226,10,116.68580487756222,21.322,94.63714285714286,6.4799999999999995
GR86-002-2,4,169.954,169.864,False,21.26,94.68,,0.0,19.0,2.0,15.0,45:31.281,2:40.838,84.72880897183943,False,145.8,160.838,2731.281,27.592,-129.67470000000003,0.5672153568733569,-41.889999999999986,1533.961,7.994073377234242,,16091.244720000002,0.6785714285714286,0.5811303770359356,9.116000000000014,0.26666666666666666,0,0,0.003915900539112876,299.62870000000004,254.36910092883616,23.221,900.226,10,116.68580487756222,21.322,94.63714285714286,6.4799999999999995
GR86-002-2,5,168.489,168.496,False,,94.76,,0.0,19.0,2.0,15.0,45:31.281,2:40.838,85.46552000427327,False,145.8,160.838,2731.281,27.592,-131.13970000000003,0.5623259721114833,-1.4650000000000034,1702.45,,,15966.017640000002,0.6785714285714286,0.5861832647755368,7.6510000000000105,0.3333333333333333,0,0,0.003915900539112876,299.62870000000004,254.36910092883616,23.221,900.226,10,116.68580487756222,21.322,94.63714285714286,6.4799999999999995
GR86-002-2,6,172.574,172.573,False,21.49,94.57,,0.0,19.0,2.0,15.0,45:31.281,2:40.838,83.44246526127921,False,145.8,160.838,2731.281,27.592,-127.05470000000003,0.5759595125567076,4.085000000000008,1875.0240000000001,8.030432759422988,,16320.32318,0.6785714285714286,0.5723077178414212,11.736000000000018,0.4,0,0,0.003915900539112876,299.62870000000004,254.36910092883616,23.221,900.226,10,116.68580487756222,21.322,94.63714285714286,6.4799999999999995
GR86-002-2,7,168.801,168.82,False,21.67,94.56,4.68,0.0,19.0,2.0,15.0,45:31.281,2:40.838,85.30755149554803,False,145.8,160.838,2731.281,27.592,-130.82770000000005,0.5633672608798822,-3.7730000000000246,2043.825,7.789616982002768,35.314016736401676,15961.822559999999,0.6785714285714286,0.5850998044962141,7.962999999999994,0.4666666666666667,0,0,0.003915900539112876,299.62870000000004,254.36910092883616,23.221,900.226,10,116.68580487756222,21.322,94.63714285714286,6.4799999999999995
GR86-002-2,32768,438.608,,False,,,,,19.0,2.0,15.0,45:31.281,2:40.838,32.83113851092547,False,145.8,160.838,2731.281,27.592,138.97929999999997,1.4638384106729427,269.807,2482.433,,,,0.6785714285714286,0.22517927648097028,277.77,2184.5333333333333,0,0,0.003915900539112876,299.62870000000004,254.36910092883616,23.221,900.226,10,116.68580487756222,21.322,94.63714285714286,6.4799999999999995
GR86-002-2,32768,513.854,513.869,False,,,,,19.0,2.0,15.0,45:31.281,2:40.838,28.02352419169647,False,145.8,160.838,2731.281,27.592,214.2253,1.7149692269131762,75.24600000000004,2996.2870000000003,,,,0.6785714285714286,0.19220524136966027,353.0160000000001,2184.5333333333333,0,0,0.003915900539112876,299.62870000000004,254.36910092883616,23.221,900.226,10,116.68580487756222,21.322,94.63714285714286,6.4799999999999995
GR86-004-78,1,229.765,229.764,False,,94.6,0.36,0.0,,,,,,62.67273083367789,False,,,,,-226.87414285714289,0.5031653628341729,,229.765,,499.4891304347826,21735.768999999997,,,,,1,0,0.001396751320819752,456.6391428571429,714.9470587886045,169.321,2077.094,7,68.1246016927212,21.322,94.63714285714286,6.4799999999999995
GR86-004-78,2,208.026,208.027,False,21.19,94.62,18.36,0.0,,,,,,69.22211646621095,False,,,,,-248.61314285714286,0.45555884390112356,-21.738999999999976,437.791,9.81717791411043,11.269014084507042,19683.420120000002,,,,,0,0,0.001396751320819752,456.6391428571429,714.9470587886045,169.321,2077.094,7,68.1246016927212,21.322,94.63714285714286,6.4799999999999995
GR86-004-78,3,171.856,171.867,False,21.26,94.68,,0.0,,,,,,83.79108090494368,False,,,,,-284.7831428571429,0.37634969031501586,-36.170000000000016,609.6469999999999,8.083537158984006,,16271.32608,,,,,0,0,0.001396751320819752,456.6391428571429,714.9470587886045,169.321,2077.094,7,68.1246016927212,21.322,94.63714285714286,6.4799999999999995
GR86-004-78,4,169.321,169.323,False,,94.76,,0.0,,,,,,85.04556434228478,True,,,,,-287.3181428571429,0.3707982608336561,-2.5349999999999966,778.968,,,16044.857960000001,,,,,0,0,0.001396751320819752,456.6391428571429,714.9470587886045,169.321,2077.094,7,68.1246016927212,21.322,94.63714285714286,6.4799999999999995
GR86-004-78,5,169.747,169.794,False,21.49,94.57,,0.0,,,,,,84.83213252664258,False,,,,,-286.89214285714286,0.3717311637760858,0.42600000000001614,948.715,7.898883201489066,,16052.97379,,,,,0,0,0.001396751320819752,456.6391428571429,714.9470587886045,169.321,2077.094,7,68.1246016927212,21.322,94.63714285714286,6.4799999999999995
GR86-004-78,6,170.665,170.626,False,21.67,94.56,4.68,0.0,,,,,,84.37582398265609,False,,,,,-285.97414285714285,0.3737415039196314,0.917999999999978,1119.38,7.875634517766496,35.703974895397494,16138.0824,,,,,0,0,0.001396751320819752,456.6391428571429,714.9470587886045,169.321,2077.094,7,68.1246016927212,21.322,94.63714285714286,6.4799999999999995
GR86-004-78,32768,2077.094,,False,21.0,94.67,2.52,0.0,,,,,,6.932762792632399,False,,,,,1620.4548571428572,4.548655174420315,1906.429,3196.474,98.9092380952381,792.7839694656489,196638.48898,,,,,0,0,0.001396751320819752,456.6391428571429,714.9470587886045,169.321,2077.094,7,68.1246016927212,21.322,94.63714285714286,6.4799999999999995
GR86-006-7,1,899.297,899.327,False,21.0,94.67,2.52,0.0,2.0,7.0,15.0,45:04.341,2:43.792,16.01250754756215,False,143.2,163.792,2704.341,0.652,513.675,2.332068709772783,,899.297,42.82366666666667,343.24312977099237,85136.44699,0.07142857142857142,0.1118191867846519,735.505,0.06666666666666667,1,0,0.002678860519138484,385.622,372.2930448807383,168.876,1067.26,8,62.5440928077686,21.314,94.66714285714285,7.289999999999999
GR86-006-7,2,228.716,228.723,False,,94.6,0.36,0.0,2.0,7.0,15.0,45:04.341,2:43.792,62.96017768761258,False,143.2,163.792,2704.341,0.652,-156.906,0.5931093143026073,-670.581,1128.013,,497.20869565217396,21636.5336,0.07142857142857142,0.43966604530455716,64.924,0.13333333333333333,0,0,0.002678860519138484,385.622,372.2930448807383,168.876,1067.26,8,62.5440928077686,21.314,94.66714285714285,7.289999999999999
GR86-006-7,3,211.918,211.913,False,21.19,94.62,18.36,0.0,2.0,7.0,15.0,45:04.341,2:43.792,67.95081116280825,False,143.2,163.792,2704.341,0.652,-173.704,0.5495485216092443,-16.798000000000002,1339.931,10.000849457291174,11.47984832069339,20051.68116,0.07142857142857142,0.4745168377291079,48.126000000000005,0.2,0,0,0.002678860519138484,385.622,372.2930448807383,168.876,1067.26,8,62.5440928077686,21.314,94.66714285714285,7.289999999999999
GR86-006-7,4,170.659,170.66,False,21.26,94.68,,0.0,2.0,7.0,15.0,45:04.341,2:43.792,84.37879045347741,False,143.2,163.792,2704.341,0.652,-214.96300000000002,0.4425551446753556,-41.259000000000015,1510.5900000000001,8.027234242709312,,16157.994120000001,0.07142857142857142,0.5892373635019372,6.86699999999999,0.26666666666666666,0,0,0.002678860519138484,385.622,372.2930448807383,168.876,1067.26,8,62.5440928077686,21.314,94.66714285714285,7.289999999999999
GR86-006-7,5,169.214,169.22,False,,94.76,,0.0,2.0,7.0,15.0,45:04.341,2:43.792,85.09934166203742,False,143.2,163.792,2704.341,0.652,-216.40800000000002,0.4388079518284745,-1.4449999999999932,1679.804,,,16034.718640000001,0.07142857142857142,0.5942691456846189,5.421999999999997,0.3333333333333333,0,0,0.002678860519138484,385.622,372.2930448807383,168.876,1067.26,8,62.5440928077686,21.314,94.66714285714285,7.289999999999999
GR86-006-7,6,168.876,168.892,False,21.49,94.57,,0.0,2.0,7.0,15.0,45:04.341,2:43.792,85.26966531656363,True,143.2,163.792,2704.341,0.652,-216.746,0.4379314458199999,-0.33799999999999386,1848.68,7.858352722196371,,15970.60332,0.07142857142857142,0.5954585566799137,5.084000000000003,0.4,0,0,0.002678860519138484,385.622,372.2930448807383,168.876,1067.26,8,62.5440928077686,21.314,94.66714285714285,7.289999999999999
GR86-006-7,7,169.036,169.03,False,21.63,94.77,7.92,0.0,2.0,7.0,15.0,45:04.341,2:43.792,85.18895383231974,False,143.2,163.792,2704.341,0.652,-216.586,0.4383463599068518,0.1599999999999966,2017.7160000000001,7.814886731391586,21.076807980049878,16019.54172,0.07142857142857142,0.5948949289966463,5.244,0.4666666666666667,0,0,0.002678860519138484,385.622,372.2930448807383,168.876,1067.26,8,62.5440928077686,21.314,94.66714285714285,7.289999999999999
GR86-006-7,32768,1067.26,,False,,,,,2.0,7.0,15.0,45:04.341,2:43.792,13.492494799767629,False,143.2,163.792,2704.341,0.652,681.6379999999999,2.767632552084684,898.2239999999999,3084.976,,,,0.07142857142857142,0.09422133240061194,903.468,2184.5333333333333,0,0,0.002678860519138484,385.622,372.2930448807383,168.876,1067.26,8,62.5440928077686,21.314,94.66714285714285,7.289999999999999
GR86-010-16,1,903.555,903.557,False,21.0,94.67,2.52,0.0,,,,,,15.937048657801684,False,,,,,271.50739999999985,1.4295679629192481,,903.555,43.02642857142857,344.86832061068696,85539.55185,,,,,1,0,0.0007635165650620347,632.0476000000001,1308.7292786552068,0.0,4286.849,10,inf,21.284285714285716,94.63333333333334,10.44
GR86-010-16,2,229.021,229.022,False,,94.6,0.36,0.0,,,,,,62.87633011819878,False,,,,,-403.02660000000014,0.3623477092548092,-674.534,1132.576,,497.8717391304348,21665.386599999998,,,,,0,0,0.0007635165650620347,632.0476000000001,1308.7292786552068,0.0,4286.849,10,inf,21.284285714285716,94.63333333333334,10.44
GR86-010-16,3,213.096,213.1,False,21.19,94.62,18.36,0.0,,,,,,67.57517738484063,False,,,,,-418.9516000000001,0.33715182210960054,-15.924999999999983,1345.672,10.05644171779141,11.543661971830986,20163.14352,,,,,0,0,0.0007635165650620347,632.0476000000001,1308.7292786552068,0.0,4286.849,10,inf,21.284285714285716,94.63333333333334,10.44
GR86-010-16,3,0.0,0.001,True,21.19,94.62,18.36,0.0,,,,,,inf,False,,,,,-632.0476000000001,0.0,-213.096,1345.672,0.0,0.0,0.0,,,,,0,0,0.0007635165650620347,632.0476000000001,1308.7292786552068,0.0,4286.849,10,inf,21.284285714285716,94.63333333333334,10.44
GR86-010-16,4,0.0,0.002,True,21.19,94.62,18.36,0.0,,,,,,inf,False,,,,,-632.0476000000001,0.0,0.0,1345.672,0.0,0.0,0.0,,,,,0,0,0.0007635165650620347,632.0476000000001,1308.7292786552068,0.0,4286.849,10,inf,21.284285714285716,94.63333333333334,10.44
GR86-010-16,4,170.083,170.077,False,21.26,94.68,,0.0,,,,,,84.66454613335843,False,,,,,-461.96460000000013,0.2690984033481022,170.083,1515.7549999999999,8.00014111006585,,16103.45844,,,,,0,0,0.0007635165650620347,632.0476000000001,1308.7292786552068,0.0,4286.849,10,inf,21.284285714285716,94.63333333333334,10.44
GR86-010-16,5,168.62,168.621,False,,94.76,,0.0,,,,,,85.39912228679871,False,,,,,-463.4276000000001,0.2667837042653116,-1.4629999999999939,1684.375,,,15978.4312,,,,,0,0,0.0007635165650620347,632.0476000000001,1308.7292786552068,0.0,4286.849,10,inf,21.284285714285716,94.63333333333334,10.44
GR86-010-16,6,181.579,181.686,False,21.49,94.57,,0.0,,,,,,79.30432483932613,False,,,,,-450.4686000000001,0.2872869068722039,12.959000000000003,1865.954,8.449464867380177,,17171.92603,,,,,0,0,0.0007635165650620347,632.0476000000001,1308.7292786552068,0.0,4286.849,10,inf,21.284285714285716,94.63333333333334,10.44
GR86-010-16,7,167.673,167.578,False,21.67,94.56,4.68,0.0,,,,,,85.88144781807446,False,,,,,-464.3746000000001,0.2652853993908053,-13.906000000000006,2033.627,7.73756345177665,35.078033472803355,15855.15888,,,,,0,0,0.0007635165650620347,632.0476000000001,1308.7292786552068,0.0,4286.849,10,inf,21.284285714285716,94.63333333333334,10.44
GR86-010-16,32768,4286.849,,True,,,,,,,,,,3.359110619478316,False,,,,,3654.8014000000003,6.782478091839917,4119.176,6320.476000000001,,,,,,,,0,0,0.0007635165650620347,632.0476000000001,1308.7292786552068,0.0,4286.849,10,inf,21.284285714285716,94.63333333333334,10.44
GR86-012-8,1,851.494,851.508,False,21.0,94.67,2.52,0.0,25.0,8.0,15.0,46:10.659,2:49.451,16.911452106532753,False,138.4,169.451,2770.659,,363.4775714285715,1.7448060150199862,,851.494,40.547333333333334,324.9977099236641,80610.93698,0.8928571428571429,0.12219257302408058,682.043,0.06666666666666667,1,0,0.0018150719964156652,488.01642857142855,549.9423328522295,174.401,1602.846,7,57.853268398073965,21.2475,94.66833333333334,8.28
GR86-012-8,2,233.493,233.498,False,,94.6,9.0,0.0,25.0,8.0,15.0,46:10.659,2:49.451,61.67208438796881,False,138.4,169.451,2770.659,,-254.52342857142855,0.47845315511919245,-618.001,1084.987,,25.658571428571427,22088.4378,0.8928571428571429,0.44560754615584397,64.042,0.13333333333333333,0,0,0.0018150719964156652,488.01642857142855,549.9423328522295,174.401,1602.846,7,57.853268398073965,21.2475,94.66833333333334,8.28
GR86-012-8,3,200.597,200.596,False,21.19,94.62,18.36,0.0,25.0,8.0,15.0,46:10.659,2:49.451,71.78571962691366,False,138.4,169.451,2770.659,,-287.4194285714285,0.41104558833645827,-32.89599999999999,1285.584,9.46658801321378,10.866576381365114,18980.48814,0.8928571428571429,0.5186829452811681,31.146000000000015,0.2,0,0,0.0018150719964156652,488.01642857142855,549.9423328522295,174.401,1602.846,7,57.853268398073965,21.2475,94.66833333333334,8.28
GR86-012-8,4,178.0,178.013,False,21.31,94.79,3.24,0.0,25.0,8.0,15.0,46:10.659,2:49.451,80.89887640449439,False,138.4,169.451,2770.659,,-310.01642857142855,0.36474181928887056,-22.59700000000001,1463.584,8.352885969028625,53.29341317365269,16872.620000000003,0.8928571428571429,0.5845294537896993,8.549000000000007,0.26666666666666666,0,0,0.0018150719964156652,488.01642857142855,549.9423328522295,174.401,1602.846,7,57.853268398073965,21.2475,94.66833333333334,8.28
GR86-012-8,5,175.284,175.279,False,,94.76,,0.0,25.0,8.0,15.0,46:10.659,2:49.451,82.15239268843706,False,138.4,169.451,2770.659,,-312.73242857142856,0.3591764328776988,-2.716000000000008,1638.868,,,16609.91184,0.8928571428571429,0.5935866523731002,5.832999999999998,0.3333333333333333,0,0,0.0018150719964156652,488.01642857142855,549.9423328522295,174.401,1602.846,7,57.853268398073965,21.2475,94.66833333333334,8.28
GR86-012-8,6,174.401,174.403,False,21.49,94.57,,0.0,25.0,8.0,15.0,46:10.659,2:49.451,82.56833389716802,True,138.4,169.451,2770.659,,-313.61542857142854,0.3573670675606647,-0.8829999999999814,1813.269,8.11544904606794,,16493.10257,0.8928571428571429,0.5965920079275145,4.950000000000017,0.4,0,0,0.0018150719964156652,488.01642857142855,549.9423328522295,174.401,1602.846,7,57.853268398073965,21.2475,94.66833333333334,8.28
GR86-012-8,32768,1602.846,,False,,,,,25.0,8.0,15.0,46:10.659,2:49.451,8.984019675003088,False,138.4,169.451,2770.659,,1114.8295714285714,3.2844099217971294,1428.445,3416.115,,,,0.8928571428571429,0.0649134369581148,1433.395,2184.5333333333333,0,0,0.0018150719964156652,488.01642857142855,549.9423328522295,174.401,1602.846,7,57.853268398073965,21.2475,94.66833333333334,8.28
GR86-013-80,1,863.884,863.89,False,21.0,94.67,2.52,0.0,28.0,80.0,10.0,41:12.118,2:52.133,16.668904621453805,False,136.2,172.133,2472.118,,269.1224285714286,1.452487923732223,,863.884,41.13733333333333,329.7267175572519,81783.89828000001,1.0,0.12238549648644498,691.751,0.1,1,0,0.0012772419420306604,594.7615714285714,781.9370200685086,176.181,2277.387,7,54.344233645876535,21.2575,94.67666666666668,7.2
GR86-013-80,2,232.182,232.18,False,,94.6,9.0,0.0,28.0,80.0,10.0,41:12.118,2:52.133,62.020311652066056,False,136.2,172.133,2472.118,,-362.5795714285714,0.39037828123682694,-631.702,1096.066,,25.514505494505496,21964.417199999996,1.0,0.45536205324571266,60.04899999999998,0.2,0,0,0.0012772419420306604,594.7615714285714,781.9370200685086,176.181,2277.387,7,54.344233645876535,21.2575,94.67666666666668,7.2
GR86-013-80,3,203.207,203.217,False,21.19,94.62,18.36,0.0,28.0,80.0,10.0,41:12.118,2:52.133,70.86370056149642,False,136.2,172.133,2472.118,,-391.5545714285714,0.3416612803546007,-28.974999999999994,1299.273,9.589759320434165,11.007963163596965,19227.44634,1.0,0.5202914872356565,31.073999999999984,0.3,0,0,0.0012772419420306604,594.7615714285714,781.9370200685086,176.181,2277.387,7,54.344233645876535,21.2575,94.67666666666668,7.2
GR86-013-80,4,176.181,176.176,False,21.31,94.79,3.24,0.0,28.0,80.0,10.0,41:12.118,2:52.133,81.73412570027413,True,136.2,172.133,2472.118,,-418.5805714285714,0.29622122286217456,-27.025999999999982,1475.454,8.26752698263726,52.74880239520958,16700.196990000004,1.0,0.6001037129241861,4.048000000000002,0.4,0,0,0.0012772419420306604,594.7615714285714,781.9370200685086,176.181,2277.387,7,54.344233645876535,21.2575,94.67666666666668,7.2
GR86-013-80,5,178.2,178.246,False,,94.76,,0.0,28.0,80.0,10.0,41:12.118,2:52.133,80.80808080808082,False,136.2,172.133,2472.118,,-416.5615714285714,0.29961586047326044,2.018999999999977,1653.654,,,16886.232,1.0,0.5933045580622675,6.066999999999979,0.5,0,0,0.0012772419420306604,594.7615714285714,781.9370200685086,176.181,2277.387,7,54.344233645876535,21.2575,94.67666666666668,7.2
GR86-013-80,6,232.29,232.255,False,21.53,94.62,2.88,0.0,28.0,80.0,10.0,41:12.118,2:52.133,61.991476172026346,False,136.2,172.133,2472.118,,-362.47157142857145,0.39055986660681075,54.09,1885.944,10.789131444496052,77.9496644295302,21979.2798,1.0,0.4551503390016619,60.15699999999998,0.6,0,0,0.0012772419420306604,594.7615714285714,781.9370200685086,176.181,2277.387,7,54.344233645876535,21.2575,94.67666666666668,7.2
GR86-013-80,32768,2277.387,,False,,,,,28.0,80.0,10.0,41:12.118,2:52.133,6.323036005738154,False,136.2,172.133,2472.118,,1682.6254285714288,3.829075564734104,2045.0970000000002,4163.331,,,,1.0,0.04642464027707896,2105.2540000000004,3276.8,0,0,0.0012772419420306604,594.7615714285714,781.9370200685086,176.181,2277.387,7,54.344233645876535,21.2575,94.67666666666668,7.2
GR86-015-31,1,883.832,883.844,False,21.0,94.67,2.52,0.0,15.0,31.0,15.0,45:19.092,2:43.672,16.29268910833733,False,143.3,163.672,2719.092,15.403,498.5104,2.2937515052361457,,883.832,42.08723809523809,337.34045801526713,83672.37544,0.5357142857142857,0.1136963650267783,720.16,0.06666666666666667,1,0,0.0017541931032891637,385.3216,569.0626676304738,0.043,1845.033,10,67025.91612420879,21.37,94.62222222222222,6.4799999999999995
GR86-015-31,2,229.251,229.249,False,,94.6,0.36,0.0,15.0,31.0,15.0,45:19.092,2:43.672,62.8132483609668,False,143.3,163.672,2719.092,15.403,-156.07059999999998,0.5949601579563669,-654.581,1113.083,,498.37173913043483,21687.1446,0.5357142857142857,0.43833390342614653,65.57900000000001,0.13333333333333333,0,0,0.0017541931032891637,385.3216,569.0626676304738,0.043,1845.033,10,67025.91612420879,21.37,94.62222222222222,6.4799999999999995
GR86-015-31,3,209.109,209.122,False,21.19,94.62,18.36,0.0,15.0,31.0,15.0,45:19.092,2:43.672,68.86360701834928,False,143.3,163.672,2719.092,15.403,-176.21259999999998,0.5426869399483445,-20.141999999999996,1322.192,9.868286927796131,11.32768147345612,19785.893580000004,0.5357142857142857,0.4805555269947612,45.43700000000001,0.2,0,0,0.0017541931032891637,385.3216,569.0626676304738,0.043,1845.033,10,67025.91612420879,21.37,94.62222222222222,6.4799999999999995
GR86-015-31,4,173.048,173.041,False,21.26,94.68,,0.0,15.0,31.0,15.0,45:19.092,2:43.672,83.21390596828626,False,143.3,163.672,2719.092,15.403,-212.2736,0.44910018021309994,-36.06100000000001,1495.24,8.139604891815615,,16384.184640000003,0.5357142857142857,0.5806971805183967,9.376000000000005,0.26666666666666666,0,0,0.0017541931032891637,385.3216,569.0626676304738,0.043,1845.033,10,67025.91612420879,21.37,94.62222222222222,6.4799999999999995
GR86-015-31,5,173.343,173.369,False,,94.76,,0.0,15.0,31.0,15.0,45:19.092,2:43.672,83.07229019920044,False,143.3,163.672,2719.092,15.403,-211.9786,0.4498657744595683,0.2949999999999875,1668.583,,,16425.98268,0.5357142857142857,0.5797089336999333,9.670999999999992,0.3333333333333333,0,0,0.0017541931032891637,385.3216,569.0626676304738,0.043,1845.033,10,67025.91612420879,21.37,94.62222222222222,6.4799999999999995
GR86-015-31,6,170.644,170.78,False,21.49,94.57,,0.0,15.0,31.0,15.0,45:19.092,2:43.672,84.38620754318931,False,143.3,163.672,2719.092,15.403,-214.67759999999998,0.44286123591306586,-2.698999999999984,1839.227,7.940623545835273,,16137.80308,0.5357142857142857,0.588877931215557,6.972000000000008,0.4,0,0,0.0017541931032891637,385.3216,569.0626676304738,0.043,1845.033,10,67025.91612420879,21.37,94.62222222222222,6.4799999999999995
GR86-015-31,6,0.043,0.003,True,21.49,94.57,,0.0,15.0,31.0,15.0,45:19.092,2:43.672,334883.7209302326,False,143.3,163.672,2719.092,15.403,-385.2786,0.00011159509355302168,-170.601,1839.27,0.0020009306654257793,,4.066509999999999,0.5357142857142857,2336.941527775524,-163.629,0.4,0,0,0.0017541931032891637,385.3216,569.0626676304738,0.043,1845.033,10,67025.91612420879,21.37,94.62222222222222,6.4799999999999995
GR86-015-31,7,0.043,0.013,True,21.49,94.57,,0.0,15.0,31.0,15.0,45:19.092,2:43.672,334883.7209302326,False,143.3,163.672,2719.092,15.403,-385.2786,0.00011159509355302168,0.0,1839.313,0.0020009306654257793,,4.066509999999999,0.5357142857142857,2336.941527775524,-163.629,0.4666666666666667,0,0,0.0017541931032891637,385.3216,569.0626676304738,0.043,1845.033,10,67025.91612420879,21.37,94.62222222222222,6.4799999999999995
GR86-015-31,7,168.87,168.801,False,21.67,94.56,4.68,0.0,15.0,31.0,15.0,45:19.092,2:43.672,85.27269497246402,False,143.3,163.672,2719.092,15.403,-216.45159999999998,0.4382572894953203,168.827,2008.183,7.792801107521919,35.328451882845194,15968.3472,0.5357142857142857,0.5950641658929798,5.1980000000000075,0.4666666666666667,0,0,0.0017541931032891637,385.3216,569.0626676304738,0.043,1845.033,10,67025.91612420879,21.37,94.62222222222222,6.4799999999999995
GR86-015-31,32768,1845.033,,False,,,,,15.0,31.0,15.0,45:19.092,2:43.672,7.804738451832568,False,143.3,163.672,2719.092,15.403,1459.7114,4.788293726590982,1676.163,3853.216,,,,0.5357142857142857,0.05446432974063201,1681.3609999999999,2184.5333333333333,0,0,0.0017541931032891637,385.3216,569.0626676304738,0.043,1845.033,10,67025.91612420879,21.37,94.62222222222222,6.4799999999999995
GR86-016-55,1,894.577,894.546,False,21.0,94.67,2.52,0.0,1.0,55.0,15.0,45:03.689,2:43.767,16.096993327572697,False,143.2,163.767,2703.689,0.0,499.3975,2.2637231941434206,,894.577,42.59890476190476,341.4416030534351,84689.60459,0.03571428571428571,0.11240917128193226,730.81,0.06666666666666667,1,0,0.002537300360640148,395.1795,393.11967755670247,168.816,1148.382,8,62.4294640789431,21.322,94.63714285714286,6.4799999999999995
GR86-016-55,2,229.202,229.21,False,,94.6,0.36,0.0,1.0,55.0,15.0,45:03.689,2:43.767,62.826676905088085,False,143.2,163.767,2703.689,0.0,-165.97750000000002,0.579994660654209,-665.375,1123.779,,498.26521739130436,21682.509199999997,0.03571428571428571,0.4387337772701682,65.435,0.13333333333333333,0,0,0.002537300360640148,395.1795,393.11967755670247,168.816,1148.382,8,62.4294640789431,21.322,94.63714285714286,6.4799999999999995
GR86-016-55,3,211.19,211.2,False,21.19,94.62,18.36,0.0,1.0,55.0,15.0,45:03.689,2:43.767,68.18504664046593,False,143.2,163.767,2703.689,0.0,-183.98950000000002,0.5344153732670849,-18.012,1334.969,9.966493629070316,11.44041170097508,19982.7978,0.03571428571428571,0.47615256033844927,47.423,0.2,0,0,0.002537300360640148,395.1795,393.11967755670247,168.816,1148.382,8,62.4294640789431,21.322,94.63714285714286,6.4799999999999995
GR86-016-55,4,170.831,170.829,False,21.26,94.68,,0.0,1.0,55.0,15.0,45:03.689,2:43.767,84.29383425724839,False,143.2,163.767,2703.689,0.0,-224.34850000000003,0.4322870999128244,-40.35900000000001,1505.8,8.035324553151456,,16174.27908,0.03571428571428571,0.5886440939751983,7.063999999999993,0.26666666666666666,0,0,0.002537300360640148,395.1795,393.11967755670247,168.816,1148.382,8,62.4294640789431,21.322,94.63714285714286,6.4799999999999995
GR86-016-55,5,169.058,169.053,False,,94.76,,0.0,1.0,55.0,15.0,45:03.689,2:43.767,85.17786795064416,False,143.2,163.767,2703.689,0.0,-226.12150000000003,0.42780053115103384,-1.7729999999999961,1674.858,,,16019.93608,0.03571428571428571,0.5948175136218168,5.290999999999997,0.3333333333333333,0,0,0.002537300360640148,395.1795,393.11967755670247,168.816,1148.382,8,62.4294640789431,21.322,94.63714285714286,6.4799999999999995
GR86-016-55,6,169.38,169.384,False,21.49,94.57,,0.0,1.0,55.0,15.0,45:03.689,2:43.767,85.01594048884165,False,143.2,163.767,2703.689,0.0,-225.79950000000002,0.42861535074567375,0.32200000000000273,1844.238,7.881805490926013,,16018.266599999999,0.03571428571428571,0.5936867352572741,5.6129999999999995,0.4,0,0,0.002537300360640148,395.1795,393.11967755670247,168.816,1148.382,8,62.4294640789431,21.322,94.63714285714286,6.4799999999999995
GR86-016-55,7,168.816,168.819,False,21.67,94.56,4.68,0.0,1.0,55.0,15.0,45:03.689,2:43.767,85.29997156667613,True,143.2,163.767,2703.689,0.0,-226.36350000000002,0.4271881512072362,-0.563999999999993,2013.054,7.7903091832025835,35.31715481171549,15963.240960000001,0.03571428571428571,0.5956701925047216,5.049000000000007,0.4666666666666667,0,0,0.002537300360640148,395.1795,393.11967755670247,168.816,1148.382,8,62.4294640789431,21.322,94.63714285714286,6.4799999999999995
GR86-016-55,32768,1148.382,,False,,,,,1.0,55.0,15.0,45:03.689,2:43.767,12.539381495007758,False,143.2,163.767,2703.689,0.0,753.2025000000001,2.905975638918517,979.566,3161.436,,,,0.03571428571428571,0.08756551323329441,984.615,2184.5333333333333,0,0,0.002537300360640148,395.1795,393.11967755670247,168.816,1148.382,8,62.4294640789431,21.322,94.63714285714286,6.4799999999999995
GR86-021-86,1,857.433,857.502,False,21.0,94.67,2.52,0.0,24.0,86.0,15.0,46:07.033,2:48.900,16.794315124330414,False,138.9,168.9,2767.033,,447.2218571428571,2.0902235712758377,,857.433,40.83014285714286,327.2645038167939,81173.18211,0.8571428571428571,0.12090939614348749,688.533,0.06666666666666667,1,0,0.0026397483336143036,410.2111428571429,377.82399138815447,173.621,1054.746,7,58.68335774907316,21.2475,94.66833333333334,8.28
GR86-021-86,2,232.428,232.392,False,,94.6,9.0,0.0,24.0,86.0,15.0,46:07.033,2:48.900,61.95466983323868,False,138.9,168.9,2767.033,,-177.78314285714288,0.5666057688758194,-625.005,1089.8609999999999,,25.54153846153846,21987.6888,0.8571428571428571,0.44603793976413736,63.52799999999999,0.13333333333333333,0,0,0.0026397483336143036,410.2111428571429,377.82399138815447,173.621,1054.746,7,58.68335774907316,21.2475,94.66833333333334,8.28
GR86-021-86,3,203.395,203.386,False,21.19,94.62,18.36,0.0,24.0,86.0,15.0,46:07.033,2:48.900,70.79820054573614,False,138.9,168.9,2767.033,,-206.81614285714286,0.49583002203046656,-29.032999999999987,1293.256,9.598631429919774,11.018147345612135,19245.234900000003,0.8571428571428571,0.5097062674279059,34.495000000000005,0.2,0,0,0.0026397483336143036,410.2111428571429,377.82399138815447,173.621,1054.746,7,58.68335774907316,21.2475,94.66833333333334,8.28
GR86-021-86,4,175.875,175.878,False,21.31,94.79,3.24,0.0,24.0,86.0,15.0,46:07.033,2:48.900,81.87633262260128,False,138.9,168.9,2767.033,,-234.33614285714287,0.4287426196544079,-27.52000000000001,1469.131,8.253167526982638,52.65718562874251,16671.19125,0.8571428571428571,0.5894624378876981,6.974999999999994,0.26666666666666666,0,0,0.0026397483336143036,410.2111428571429,377.82399138815447,173.621,1054.746,7,58.68335774907316,21.2475,94.66833333333334,8.28
GR86-021-86,5,173.98,173.988,False,,94.76,,0.0,24.0,86.0,15.0,46:07.033,2:48.900,82.76813426830671,False,138.9,168.9,2767.033,,-236.23114285714288,0.4241230474341088,-1.8950000000000102,1643.1109999999999,,,16486.3448,0.8571428571428571,0.5958828961001202,5.079999999999984,0.3333333333333333,0,0,0.0026397483336143036,410.2111428571429,377.82399138815447,173.621,1054.746,7,58.68335774907316,21.2475,94.66833333333334,8.28
GR86-021-86,6,173.621,173.621,False,21.49,94.57,,0.0,24.0,86.0,15.0,46:07.033,2:48.900,82.93927577885164,True,138.9,168.9,2767.033,,-236.59014285714287,0.4232478883696828,-0.35899999999998045,1816.732,8.079153094462542,,16419.33797,0.8571428571428571,0.5971150164064193,4.721000000000004,0.4,0,0,0.0026397483336143036,410.2111428571429,377.82399138815447,173.621,1054.746,7,58.68335774907316,21.2475,94.66833333333334,8.28
GR86-021-86,32768,1054.746,,False,,,,,24.0,86.0,15.0,46:07.033,2:48.900,13.65257607044729,False,138.9,168.9,2767.033,,644.5348571428572,2.571227082359677,881.1250000000001,2871.478,,,,0.8571428571428571,0.09829068445246429,885.8460000000001,2184.5333333333333,0,0,0.0026397483336143036,410.2111428571429,377.82399138815447,173.621,1054.746,7,58.68335774907316,21.2475,94.66833333333334,8.28
GR86-022-13,1,891.309,891.323,False,21.0,94.67,2.52,0.0,3.0,13.0,15.0,45:04.490,2:43.417,16.15601323446751,False,143.5,163.417,2704.49,0.801,509.7747499999999,2.3361179238823246,,891.309,42.443285714285715,340.1942748091603,84380.22303,0.10714285714285714,0.11258545807991295,727.8919999999999,0.06666666666666667,1,0,0.0027394379594140347,381.53425000000004,364.0383818927222,169.019,1041.902,8,62.5434285960773,21.322,94.63714285714286,6.4799999999999995
GR86-022-13,2,229.27,229.279,False,,94.6,0.36,0.0,3.0,13.0,15.0,45:04.490,2:43.417,62.80804291882933,False,143.5,163.417,2704.49,0.801,-152.26425000000003,0.6009159072874847,-662.039,1120.579,,498.41304347826093,21688.942,0.10714285714285714,0.43768671023574446,65.85300000000001,0.13333333333333333,0,0,0.0027394379594140347,381.53425000000004,364.0383818927222,169.019,1041.902,8,62.5434285960773,21.322,94.63714285714286,6.4799999999999995
GR86-022-13,3,210.317,210.324,False,21.19,94.62,18.36,0.0,3.0,13.0,15.0,45:04.490,2:43.417,68.46807438295525,False,143.5,163.417,2704.49,0.801,-171.21725000000004,0.5512401573384302,-18.953000000000003,1330.896,9.925294950448324,11.393120260021668,19900.19454,0.10714285714285714,0.47712943820874737,46.900000000000006,0.2,0,0,0.0027394379594140347,381.53425000000004,364.0383818927222,169.019,1041.902,8,62.5434285960773,21.322,94.63714285714286,6.4799999999999995
GR86-022-13,4,171.387,171.387,False,21.26,94.68,,0.0,3.0,13.0,15.0,45:04.490,2:43.417,84.02037494092318,False,143.5,163.417,2704.49,0.801,-210.14725000000004,0.44920475684686234,-38.93000000000001,1502.283,8.061476952022577,,16226.921160000002,0.10714285714285714,0.5855078393095692,7.969999999999999,0.26666666666666666,0,0,0.0027394379594140347,381.53425000000004,364.0383818927222,169.019,1041.902,8,62.5434285960773,21.322,94.63714285714286,6.4799999999999995
GR86-022-13,5,169.407,169.448,False,,94.76,,0.0,3.0,13.0,15.0,45:04.490,2:43.417,85.00239069223822,False,143.5,163.417,2704.49,0.801,-212.12725000000003,0.4440151834337284,-1.9799999999999898,1671.69,,,16053.007320000002,0.10714285714285714,0.5923511546497437,5.990000000000009,0.3333333333333333,0,0,0.0027394379594140347,381.53425000000004,364.0383818927222,169.019,1041.902,8,62.5434285960773,21.322,94.63714285714286,6.4799999999999995
GR86-022-13,6,169.019,168.987,False,21.49,94.57,,0.0,3.0,13.0,15.0,45:04.490,2:43.417,85.19752217206349,True,143.5,163.417,2704.49,0.801,-212.51525000000004,0.442998236724488,-0.38800000000000523,1840.709,7.865006979990694,,15984.12683,0.10714285714285714,0.5937109559028815,5.602000000000004,0.4,0,0,0.0027394379594140347,381.53425000000004,364.0383818927222,169.019,1041.902,8,62.5434285960773,21.322,94.63714285714286,6.4799999999999995
GR86-022-13,7,169.663,169.836,False,21.67,94.56,4.68,0.0,3.0,13.0,15.0,45:04.490,2:43.417,84.87413283980597,False,143.5,163.417,2704.49,0.801,-211.87125000000003,0.4446861585820932,0.6440000000000055,2010.372,7.829395477618828,35.494351464435155,16043.33328,0.10714285714285714,0.5914573717059649,6.246000000000009,0.4666666666666667,0,0,0.0027394379594140347,381.53425000000004,364.0383818927222,169.019,1041.902,8,62.5434285960773,21.322,94.63714285714286,6.4799999999999995
GR86-022-13,32768,1041.902,,False,,,,,3.0,13.0,15.0,45:04.490,2:43.417,13.82087758733547,False,143.5,163.417,2704.49,0.801,660.36775,2.7308216759045876,872.239,3052.2740000000003,,,,0.10714285714285714,0.09631273580024718,878.485,2184.5333333333333,0,0,0.0027394379594140347,381.53425000000004,364.0383818927222,169.019,1041.902,8,62.5434285960773,21.322,94.63714285714286,6.4799999999999995
GR86-024-41,1,876.918,876.937,False,21.0,94.67,2.52,0.0,20.0,41.0,15.0,45:33.299,2:43.506,16.42114770138143,False,143.4,163.506,2733.299,29.61,380.155625,1.7652665421772331,,876.918,41.758,334.7015267175572,83017.82706,0.7142857142857143,0.11451288494687188,713.412,0.06666666666666667,1,0,0.0015502856498783538,496.762375,644.0424152984109,170.607,1973.613,8,61.43336839134419,21.322,94.63714285714286,6.4799999999999995
GR86-024-41,2,229.662,229.668,False,,94.6,0.36,0.0,20.0,41.0,15.0,45:33.299,2:43.506,62.700838623716585,False,143.4,163.506,2733.299,29.61,-267.100375,0.46231762218304073,-647.256,1106.58,,499.2652173913044,21726.0252,0.7142857142857143,0.4372443418669218,66.156,0.13333333333333333,0,0,0.0015502856498783538,496.762375,644.0424152984109,170.607,1973.613,8,61.43336839134419,21.322,94.63714285714286,6.4799999999999995
GR86-024-41,3,207.401,207.417,False,21.19,94.62,18.36,0.0,20.0,41.0,15.0,45:33.299,2:43.506,69.4307163417727,False,143.4,163.506,2733.299,29.61,-289.361375,0.4175054521792235,-22.260999999999996,1313.981,9.787682869277962,11.235157096424702,19624.28262,0.7142857142857143,0.48417514882686674,43.89500000000001,0.2,0,0,0.0015502856498783538,496.762375,644.0424152984109,170.607,1973.613,8,61.43336839134419,21.322,94.63714285714286,6.4799999999999995
GR86-024-41,4,172.33,172.318,False,21.26,94.68,,0.0,20.0,41.0,15.0,45:33.299,2:43.506,83.56061045668194,False,143.4,163.506,2733.299,29.61,-324.432375,0.3469063050517866,-35.071,1486.3110000000001,8.105832549388523,,16316.204400000002,0.7142857142857143,0.582709975290669,8.824000000000012,0.26666666666666666,0,0,0.0015502856498783538,496.762375,644.0424152984109,170.607,1973.613,8,61.43336839134419,21.322,94.63714285714286,6.4799999999999995
GR86-024-41,5,172.069,172.07,False,,94.76,,0.0,20.0,41.0,15.0,45:33.299,2:43.506,83.68735797848538,False,143.4,163.506,2733.299,29.61,-324.69337500000006,0.3463809029417737,-0.2610000000000241,1658.38,,,16305.25844,0.7142857142857143,0.5835938492223527,8.562999999999988,0.3333333333333333,0,0,0.0015502856498783538,496.762375,644.0424152984109,170.607,1973.613,8,61.43336839134419,21.322,94.63714285714286,6.4799999999999995
GR86-024-41,6,171.499,171.511,False,21.49,94.57,,0.0,20.0,41.0,15.0,45:33.299,2:43.506,83.96550417203599,False,143.4,163.506,2733.299,29.61,-325.263375,0.34523347304634333,-0.5699999999999932,1829.879,7.980409492787343,,16218.660429999998,0.7142857142857143,0.5855335018970431,7.992999999999995,0.4,0,0,0.0015502856498783538,496.762375,644.0424152984109,170.607,1973.613,8,61.43336839134419,21.322,94.63714285714286,6.4799999999999995
GR86-024-41,7,170.607,170.605,False,21.67,94.56,4.68,0.0,20.0,41.0,15.0,45:33.299,2:43.506,84.40450860750146,True,143.4,163.506,2733.299,29.61,-326.15537500000005,0.34343784591174,-0.8919999999999959,2000.486,7.872958006460544,35.691841004184106,16132.59792,0.7142857142857143,0.5885948996339013,7.100999999999999,0.4666666666666667,0,0,0.0015502856498783538,496.762375,644.0424152984109,170.607,1973.613,8,61.43336839134419,21.322,94.63714285714286,6.4799999999999995
GR86-024-41,32768,1973.613,,False,,,,,20.0,41.0,15.0,45:33.299,2:43.506,7.296263249178031,False,143.4,163.506,2733.299,29.61,1476.850625,3.972951856508859,1803.006,3974.099,,,,0.7142857142857143,0.050880496856192683,1810.107,2184.5333333333333,0,0,0.0015502856498783538,496.762375,644.0424152984109,170.607,1973.613,8,61.43336839134419,21.322,94.63714285714286,6.4799999999999995
GR86-025-47,1,904.032,904.179,False,21.0,94.67,2.52,0.0,5.0,47.0,15.0,45:05.675,2:44.239,15.928639694170116,False,142.8,164.239,2705.675,1.986,459.31300000000005,2.032816227775292,,904.032,43.04914285714286,345.0503816793893,85584.70944,0.17857142857142858,0.11154509589754982,739.793,0.06666666666666667,1,0,0.001969958948104726,444.719,506.6247913501385,169.135,1532.437,8,61.89325710610511,21.314,94.66714285714285,7.289999999999999
GR86-025-47,2,229.52,229.387,False,,94.6,0.36,0.0,5.0,47.0,15.0,45:05.675,2:44.239,62.73963053328685,False,142.8,164.239,2705.675,1.986,-215.19899999999998,0.5161011784969836,-674.5120000000001,1133.5520000000001,,498.9565217391305,21712.592,0.17857142857142858,0.43935315499500593,65.281,0.13333333333333333,0,0,0.001969958948104726,444.719,506.6247913501385,169.135,1532.437,8,61.89325710610511,21.314,94.66714285714285,7.289999999999999
GR86-025-47,3,213.152,213.16,False,21.19,94.62,18.36,0.0,5.0,47.0,15.0,45:05.675,2:44.239,67.5574238102387,False,142.8,164.239,2705.675,1.986,-231.567,0.4792959149485405,-16.368000000000023,1346.704,10.059084473808399,11.546695557963162,20168.44224,0.17857142857142858,0.47309120315293207,48.91299999999998,0.2,0,0,0.001969958948104726,444.719,506.6247913501385,169.135,1532.437,8,61.89325710610511,21.314,94.66714285714285,7.289999999999999
GR86-025-47,4,170.932,170.942,False,21.26,94.68,,0.0,5.0,47.0,15.0,45:05.675,2:44.239,84.24402686448413,False,142.8,164.239,2705.675,1.986,-273.78700000000003,0.3843595618806482,-42.22,1517.636,8.040075258701787,,16183.84176,0.17857142857142858,0.5899441657176759,6.692999999999984,0.26666666666666666,0,0,0.001969958948104726,444.719,506.6247913501385,169.135,1532.437,8,61.89325710610511,21.314,94.66714285714285,7.289999999999999
GR86-025-47,5,169.154,169.142,False,,94.76,,0.0,5.0,47.0,15.0,45:05.675,2:44.239,85.1295269399482,False,142.8,164.239,2705.675,1.986,-275.565,0.3803615316638147,-1.7779999999999916,1686.79,,,16029.03304,0.17857142857142858,0.5961451466382928,4.914999999999992,0.3333333333333333,0,0,0.001969958948104726,444.719,506.6247913501385,169.135,1532.437,8,61.89325710610511,21.314,94.66714285714285,7.289999999999999
GR86-025-47,6,169.39,169.4,False,21.49,94.57,,0.0,5.0,47.0,15.0,45:05.675,2:44.239,85.01092154200366,False,142.8,164.239,2705.675,1.986,-275.329,0.38089220384107714,0.23599999999999,1856.18,7.882270823638902,,16019.212299999997,0.17857142857142858,0.5953145766246755,5.150999999999982,0.4,0,0,0.001969958948104726,444.719,506.6247913501385,169.135,1532.437,8,61.89325710610511,21.314,94.66714285714285,7.289999999999999
GR86-025-47,7,169.135,169.139,False,21.63,94.77,7.92,0.0,5.0,47.0,15.0,45:05.675,2:44.239,85.1390900759748,True,142.8,164.239,2705.675,1.986,-275.584,0.3803188080563232,-0.25499999999999545,2025.315,7.819463707813222,21.08915211970075,16028.923949999999,0.17857142857142858,0.5962121153779748,4.895999999999987,0.4666666666666667,0,0,0.001969958948104726,444.719,506.6247913501385,169.135,1532.437,8,61.89325710610511,21.314,94.66714285714285,7.289999999999999
GR86-025-47,32768,1532.437,,False,,,,,5.0,47.0,15.0,45:05.675,2:44.239,9.396797388734417,False,142.8,164.239,2705.675,1.986,1087.7179999999998,3.4458545733373205,1363.302,3557.752,,,,0.17857142857142858,0.06580390328245389,1368.1979999999999,2184.5333333333333,0,0,0.001969958948104726,444.719,506.6247913501385,169.135,1532.437,8,61.89325710610511,21.314,94.66714285714285,7.289999999999999
GR86-026-72,1,901.906,901.929,False,21.0,94.67,2.52,0.0,9.0,72.0,15.0,45:09.394,2:43.269,15.966187163629028,False,143.6,163.269,2709.394,5.705,454.3564999999999,2.0152094907937554,,901.906,42.94790476190476,344.2389312977099,85383.44102,0.32142857142857145,0.11118514737903223,738.637,0.06666666666666667,1,0,0.0019506154227971531,447.5495,511.6587169940526,169.585,1551.236,8,61.49451840634135,21.322,94.63714285714286,6.4799999999999995
GR86-026-72,2,229.176,229.175,False,,94.6,0.36,0.0,9.0,72.0,15.0,45:09.394,2:43.269,62.83380458686774,False,143.6,163.269,2709.394,5.705,-218.37350000000004,0.5120684974511199,-672.73,1131.0819999999999,,498.2086956521739,21680.0496,0.32142857142857145,0.4375613132790233,65.90699999999998,0.13333333333333333,0,0,0.0019506154227971531,447.5495,511.6587169940526,169.585,1551.236,8,61.49451840634135,21.322,94.63714285714286,6.4799999999999995
GR86-026-72,3,212.616,212.625,False,21.19,94.62,18.36,0.0,9.0,72.0,15.0,45:09.394,2:43.269,67.72773450728073,False,143.6,163.269,2709.394,5.705,-234.9335,0.4750670037615951,-16.559999999999974,1343.6979999999999,10.033789523360076,11.517659804983749,20117.72592,0.32142857142857145,0.4716416052039048,49.34700000000001,0.2,0,0,0.0019506154227971531,447.5495,511.6587169940526,169.585,1551.236,8,61.49451840634135,21.322,94.63714285714286,6.4799999999999995
GR86-026-72,4,173.28,173.281,False,21.26,94.68,,0.0,9.0,72.0,15.0,45:09.394,2:43.269,83.10249307479225,False,143.6,163.269,2709.394,5.705,-274.2695,0.38717504991068025,-39.33600000000001,1516.978,8.150517403574788,,16406.150400000002,0.32142857142857145,0.5787081690445143,10.010999999999996,0.26666666666666666,0,0,0.0019506154227971531,447.5495,511.6587169940526,169.585,1551.236,8,61.49451840634135,21.322,94.63714285714286,6.4799999999999995
GR86-026-72,5,169.585,169.592,False,,94.76,,0.0,9.0,72.0,15.0,45:09.394,2:43.269,84.91317038653183,True,143.6,163.269,2709.394,5.705,-277.96450000000004,0.37891897991171924,-3.694999999999993,1686.5629999999999,,,16069.874600000001,0.32142857142857145,0.591317342524595,6.3160000000000025,0.3333333333333333,0,0,0.0019506154227971531,447.5495,511.6587169940526,169.585,1551.236,8,61.49451840634135,21.322,94.63714285714286,6.4799999999999995
GR86-026-72,6,171.928,171.933,False,21.49,94.57,,0.0,9.0,72.0,15.0,45:09.394,2:43.269,83.75599087990322,False,143.6,163.269,2709.394,5.705,-275.6215,0.3841541550152553,2.3429999999999893,1858.491,8.000372266170313,,16259.230959999999,0.32142857142857145,0.5832589894143678,8.658999999999992,0.4,0,0,0.0019506154227971531,447.5495,511.6587169940526,169.585,1551.236,8,61.49451840634135,21.322,94.63714285714286,6.4799999999999995
GR86-026-72,7,170.669,170.665,False,21.67,94.56,4.68,0.0,9.0,72.0,15.0,45:09.394,2:43.269,84.37384645131804,False,143.6,163.269,2709.394,5.705,-276.8805,0.38134105836337656,-1.2589999999999861,2029.1599999999999,7.8758191047531145,35.70481171548118,16138.460640000001,0.32142857142857145,0.5875616048141925,7.400000000000006,0.4666666666666667,0,0,0.0019506154227971531,447.5495,511.6587169940526,169.585,1551.236,8,61.49451840634135,21.322,94.63714285714286,6.4799999999999995
GR86-026-72,32768,1551.236,,False,,,,,9.0,72.0,15.0,45:09.394,2:43.269,9.282920200407933,False,143.6,163.269,2709.394,5.705,1103.6865,3.4660657647924977,1380.567,3580.396,,,,0.32142857142857145,0.06464429108919173,1387.967,2184.5333333333333,0,0,0.0019506154227971531,447.5495,511.6587169940526,169.585,1551.236,8,61.49451840634135,21.322,94.63714285714286,6.4799999999999995
GR86-028-89,1,893.47,893.506,False,21.0,94.67,2.52,0.0,16.0,89.0,15.0,45:20.330,2:44.311,16.116937334213794,False,142.7,164.311,2720.33,16.641,488.39362500000004,2.205682817221814,,893.47,42.546190476190475,341.01908396946567,84584.8049,0.5714285714285714,0.1129427984177561,729.159,0.06666666666666667,1,0,0.0024145426528174854,405.076375,413.1571070749644,169.506,1222.784,8,61.97292849683171,21.322,94.63714285714286,6.4799999999999995
GR86-028-89,2,229.401,229.404,False,,94.6,0.36,0.0,16.0,89.0,15.0,45:20.330,2:44.311,62.772176232884775,False,142.7,164.311,2720.33,16.641,-175.67537499999997,0.566315426319296,-664.069,1122.871,,498.6978260869566,21701.3346,0.5714285714285714,0.43988911165301176,65.09,0.13333333333333333,0,0,0.0024145426528174854,405.076375,413.1571070749644,169.506,1222.784,8,61.97292849683171,21.322,94.63714285714286,6.4799999999999995
GR86-028-89,3,210.988,211.003,False,21.19,94.62,18.36,0.0,16.0,89.0,15.0,45:20.330,2:44.311,68.25032703281703,False,142.7,164.311,2720.33,16.641,-194.08837499999998,0.5208598008215117,-18.41300000000001,1333.859,9.956960830580462,11.429469122426868,19963.68456,0.5714285714285714,0.47827839546473044,46.67699999999999,0.2,0,0,0.0024145426528174854,405.076375,413.1571070749644,169.506,1222.784,8,61.97292849683171,21.322,94.63714285714286,6.4799999999999995
GR86-028-89,4,171.578,171.584,False,21.26,94.68,,0.0,16.0,89.0,15.0,45:20.330,2:44.311,83.92684376784904,False,142.7,164.311,2720.33,16.641,-233.49837499999998,0.4235695058740466,-39.41,1505.4370000000001,8.070460959548447,,16245.005040000002,0.5714285714285714,0.5881348547151299,7.266999999999996,0.26666666666666666,0,0,0.0024145426528174854,405.076375,413.1571070749644,169.506,1222.784,8,61.97292849683171,21.322,94.63714285714286,6.4799999999999995
GR86-028-89,5,169.506,169.509,False,,94.76,,0.0,16.0,89.0,15.0,45:20.330,2:44.311,84.95274503557395,True,142.7,164.311,2720.33,16.641,-235.57037499999998,0.41845442109528114,-2.0720000000000027,1674.943,,,16062.388560000001,0.5714285714285714,0.5953240717279185,5.194999999999993,0.3333333333333333,0,0,0.0024145426528174854,405.076375,413.1571070749644,169.506,1222.784,8,61.97292849683171,21.322,94.63714285714286,6.4799999999999995
GR86-028-89,6,171.891,171.908,False,21.49,94.57,,0.0,16.0,89.0,15.0,45:20.330,2:44.311,83.77401958217708,False,142.7,164.311,2720.33,16.641,-233.185375,0.42434219966543346,2.384999999999991,1846.834,7.99865053513262,,16255.731869999998,0.5714285714285714,0.5870639073733502,7.579999999999984,0.4,0,0,0.0024145426528174854,405.076375,413.1571070749644,169.506,1222.784,8,61.97292849683171,21.322,94.63714285714286,6.4799999999999995
GR86-028-89,7,170.993,170.995,False,21.67,94.56,4.68,0.0,16.0,89.0,15.0,45:20.330,2:44.311,84.21397367143683,False,142.7,164.311,2720.33,16.641,-234.083375,0.42212533377193373,-0.8979999999999961,2017.827,7.890770650669127,35.772594142259415,16169.09808,0.5714285714285714,0.5901469773751705,6.681999999999988,0.4666666666666667,0,0,0.0024145426528174854,405.076375,413.1571070749644,169.506,1222.784,8,61.97292849683171,21.322,94.63714285714286,6.4799999999999995
GR86-028-89,32768,1222.784,,False,,,,,16.0,89.0,15.0,45:20.330,2:44.311,11.776405317701244,False,142.7,164.311,2720.33,16.641,817.7076250000001,3.0186504952306836,1051.7910000000002,3240.611,,,,0.5714285714285714,0.08252561540084964,1058.4730000000002,2184.5333333333333,0,0,0.0024145426528174854,405.076375,413.1571070749644,169.506,1222.784,8,61.97292849683171,21.322,94.63714285714286,6.4799999999999995
GR86-030-18,1,846.428,846.389,False,21.0,94.67,2.52,0.0,27.0,18.0,15.0,47:18.830,2:54.295,17.012669713194743,False,134.6,174.29500000000002,2838.83,,324.4385714285713,1.6215424176625357,,846.428,40.30609523809524,323.0641221374046,80131.33876,0.9642857142857143,0.12639427721541413,672.133,0.06666666666666667,1,0,0.0015970677545443417,521.9894285714287,625.1475113717447,180.654,1828.053,7,56.5819019634117,21.292,94.66166666666668,7.62
GR86-030-18,2,234.185,234.195,False,,94.6,9.0,0.0,27.0,18.0,15.0,47:18.830,2:54.295,61.48984776992548,False,134.6,174.29500000000002,2838.83,,-287.8044285714287,0.4486393539442232,-612.2429999999999,1080.613,,25.734615384615385,22153.900999999998,0.9642857142857143,0.4568339358835474,59.889999999999986,0.13333333333333333,0,0,0.0015970677545443417,521.9894285714287,625.1475113717447,180.654,1828.053,7,56.5819019634117,21.292,94.66166666666668,7.62
GR86-030-18,3,199.993,199.999,False,21.19,94.62,18.36,0.0,27.0,18.0,15.0,47:18.830,2:54.295,72.00252008820308,False,134.6,174.29500000000002,2838.83,,-321.9964285714287,0.38313611167823314,-34.19200000000001,1280.606,9.438084001887683,10.833856988082339,18923.33766,0.9642857142857143,0.5349369991694137,25.69799999999998,0.2,0,0,0.0015970677545443417,521.9894285714287,625.1475113717447,180.654,1828.053,7,56.5819019634117,21.292,94.66166666666668,7.62
GR86-030-18,4,183.326,183.327,False,21.31,94.79,3.24,0.0,27.0,18.0,15.0,47:18.830,2:54.295,78.54859648931412,False,134.6,174.29500000000002,2838.83,,-338.66342857142865,0.3512063462697383,-16.667,1463.932,8.602815579540122,54.8880239520958,17377.471540000002,0.9642857142857143,0.5835705534124378,9.030999999999977,0.26666666666666666,0,0,0.0015970677545443417,521.9894285714287,625.1475113717447,180.654,1828.053,7,56.5819019634117,21.292,94.66166666666668,7.62
GR86-030-18,5,181.287,181.289,False,21.43,94.67,9.72,0.0,27.0,18.0,15.0,47:18.830,2:54.295,79.43206076552649,False,134.6,174.29500000000002,2838.83,,-340.70242857142864,0.34730013689385053,-2.0389999999999873,1645.219,8.45949603359776,18.460997963340123,17162.440290000002,0.9642857142857143,0.5901341810217421,6.99199999999999,0.3333333333333333,0,0,0.0015970677545443417,521.9894285714287,625.1475113717447,180.654,1828.053,7,56.5819019634117,21.292,94.66166666666668,7.62
GR86-030-18,6,180.654,180.66,False,21.53,94.62,2.88,0.0,27.0,18.0,15.0,47:18.830,2:54.295,79.71038559899034,True,134.6,174.29500000000002,2838.83,,-341.3354285714287,0.34608746865700063,-0.6330000000000098,1825.873,8.390803529958196,60.62214765100671,17093.481480000002,0.9642857142857143,0.5922019732465851,6.3589999999999804,0.4,0,0,0.0015970677545443417,521.9894285714287,625.1475113717447,180.654,1828.053,7,56.5819019634117,21.292,94.66166666666668,7.62
GR86-030-18,32768,1828.053,,False,,,,,27.0,18.0,15.0,47:18.830,2:54.295,7.87723331872763,False,134.6,174.29500000000002,2838.83,,1306.0635714285713,3.5020881648944173,1647.3990000000001,3653.9260000000004,,,,0.9642857142857143,0.058523278742404386,1653.758,2184.5333333333333,0,0,0.0015970677545443417,521.9894285714287,625.1475113717447,180.654,1828.053,7,56.5819019634117,21.292,94.66166666666668,7.62
GR86-032-15,1,862.267,862.285,False,21.0,94.67,2.52,0.0,22.0,15.0,15.0,45:46.697,2:47.973,16.700163638408984,False,139.6,167.973,2746.697,43.008,460.521875,2.146303579912762,,862.267,41.06033333333333,329.10954198473286,81630.81689,0.7857142857142857,0.11962867935823054,694.2940000000001,0.06666666666666667,1,0,0.0024395183614229887,401.74512500000003,408.91698025863303,169.811,1226.328,8,61.929723590476236,21.332,94.65285714285714,7.56
GR86-032-15,2,232.173,232.171,False,,94.6,9.0,0.0,22.0,15.0,15.0,45:46.697,2:47.973,62.02271581966896,False,139.6,167.973,2746.697,43.008,-169.57212500000003,0.5779111818718398,-630.094,1094.44,,25.513516483516486,21963.5658,0.7857142857142857,0.444288795269835,64.19999999999999,0.13333333333333333,0,0,0.0024395183614229887,401.74512500000003,408.91698025863303,169.811,1226.328,8,61.929723590476236,21.332,94.65285714285714,7.56
GR86-032-15,3,204.321,204.335,False,21.19,94.62,18.36,0.0,22.0,15.0,15.0,45:46.697,2:47.973,70.47733713127873,False,139.6,167.973,2746.697,43.008,-197.42412500000003,0.508583644916662,-27.852000000000004,1298.761,9.642331288343557,11.06830985915493,19332.853020000002,0.7857142857142857,0.5048519851810798,36.347999999999985,0.2,0,0,0.0024395183614229887,401.74512500000003,408.91698025863303,169.811,1226.328,8,61.929723590476236,21.332,94.65285714285714,7.56
GR86-032-15,4,174.788,174.83,False,21.31,94.79,3.24,0.0,22.0,15.0,15.0,45:46.697,2:47.973,82.38551845664462,False,139.6,167.973,2746.697,43.008,-226.95712500000002,0.43507186303754153,-29.532999999999987,1473.549,8.202158610980762,52.33173652694611,16568.154520000004,0.7857142857142857,0.5901541436722394,6.814999999999998,0.26666666666666666,0,0,0.0024395183614229887,401.74512500000003,408.91698025863303,169.811,1226.328,8,61.929723590476236,21.332,94.65285714285714,7.56
GR86-032-15,5,171.858,171.855,False,,94.76,,0.0,22.0,15.0,15.0,45:46.697,2:47.973,83.79010578500855,False,139.6,167.973,2746.697,43.008,-229.88712500000003,0.42777868181972334,-2.930000000000007,1645.4070000000002,,,16285.26408,0.7857142857142857,0.6002156574857346,3.884999999999991,0.3333333333333333,0,0,0.0024395183614229887,401.74512500000003,408.91698025863303,169.811,1226.328,8,61.929723590476236,21.332,94.65285714285714,7.56
GR86-032-15,6,172.415,172.381,False,21.49,94.57,,0.0,22.0,15.0,15.0,45:46.697,2:47.973,83.51941536409245,False,139.6,167.973,2746.697,43.008,-229.33012500000004,0.429165132993213,0.556999999999988,1817.8220000000001,8.023033969288042,,16305.286549999999,0.7857142857142857,0.5982766143559631,4.441999999999979,0.4,0,0,0.0024395183614229887,401.74512500000003,408.91698025863303,169.811,1226.328,8,61.929723590476236,21.332,94.65285714285714,7.56
GR86-032-15,7,169.811,169.816,False,21.67,94.56,4.68,0.0,22.0,15.0,15.0,45:46.697,2:47.973,84.80016017808033,True,139.6,167.973,2746.697,43.008,-231.93412500000002,0.4226834115286402,-2.603999999999985,1987.633,7.836225196123673,35.52531380753139,16057.328160000001,0.7857142857142857,0.6074510041409766,1.8379999999999939,0.4666666666666667,0,0,0.0024395183614229887,401.74512500000003,408.91698025863303,169.811,1226.328,8,61.929723590476236,21.332,94.65285714285714,7.56
GR86-032-15,32768,1226.328,,False,,,,,22.0,15.0,15.0,45:46.697,2:47.973,11.74237235062724,False,139.6,167.973,2746.697,43.008,824.582875,3.052502503919618,1056.517,3213.9610000000002,,,,0.7857142857142857,0.0841144151191063,1058.355,2184.5333333333333,0,0,0.0024395183614229887,401.74512500000003,408.91698025863303,169.811,1226.328,8,61.929723590476236,21.332,94.65285714285714,7.56
GR86-035-11,1,872.224,872.243,False,21.0,94.67,2.52,0.0,21.0,11.0,15.0,45:45.641,2:47.504,16.509520490149317,False,140.0,167.504,2745.641,41.952,588.99125,3.0795308805214088,,872.224,41.53447619047619,332.9099236641221,82573.44608000001,0.75,0.1179251463582094,704.72,0.06666666666666667,1,0,0.004138852514104052,283.23275,240.6128616789991,170.619,872.224,8,67.1407837620286,21.332,94.65285714285714,5.831999999999999
GR86-035-11,2,231.869,231.876,False,,94.6,0.36,0.0,21.0,11.0,15.0,45:45.641,2:47.504,62.10403288063519,False,140.0,167.504,2745.641,41.952,-51.36375000000001,0.8186517978588281,-640.355,1104.093,,504.0630434782609,21934.807399999998,0.75,0.44360023486167993,64.36500000000001,0.13333333333333333,0,0,0.004138852514104052,283.23275,240.6128616789991,170.619,872.224,8,67.1407837620286,21.332,94.65285714285714,5.831999999999999
GR86-035-11,3,204.109,204.157,False,21.19,94.62,18.36,0.0,21.0,11.0,15.0,45:45.641,2:47.504,70.55053917269694,False,140.0,167.504,2745.641,41.952,-79.12375,0.7206405332716644,-27.75999999999999,1308.202,9.632326569136385,11.0568255687974,19312.79358,0.75,0.503932422662121,36.60500000000002,0.2,0,0,0.004138852514104052,283.23275,240.6128616789991,170.619,872.224,8,67.1407837620286,21.332,94.65285714285714,5.831999999999999
GR86-035-11,4,173.89,173.844,False,21.31,94.79,3.24,0.0,21.0,11.0,15.0,45:45.641,2:47.504,82.81097245385014,False,140.0,167.504,2745.641,41.952,-109.34275000000002,0.6139473630785988,-30.219000000000023,1482.092,8.160018770530268,52.062874251497,16483.0331,0.75,0.5915069460989296,6.385999999999996,0.26666666666666666,0,0,0.004138852514104052,283.23275,240.6128616789991,170.619,872.224,8,67.1407837620286,21.332,94.65285714285714,5.831999999999999
GR86-035-11,5,172.793,172.8,False,,94.76,,0.0,21.0,11.0,15.0,45:45.641,2:47.504,83.33670924169381,False,140.0,167.504,2745.641,41.952,-110.43975,0.6100742234081334,-1.09699999999998,1654.885,,,16373.86468,0.75,0.5952622088692415,5.289000000000016,0.3333333333333333,0,0,0.004138852514104052,283.23275,240.6128616789991,170.619,872.224,8,67.1407837620286,21.332,94.65285714285714,5.831999999999999
GR86-035-11,6,171.877,171.875,False,21.49,94.57,,0.0,21.0,11.0,15.0,45:45.641,2:47.504,83.78084327746004,False,140.0,167.504,2745.641,41.952,-111.35575,0.6068401341299691,-0.9159999999999968,1826.7620000000002,7.9979990693345755,,16254.40789,0.75,0.5984345948390003,4.373000000000019,0.4,0,0,0.004138852514104052,283.23275,240.6128616789991,170.619,872.224,8,67.1407837620286,21.332,94.65285714285714,5.831999999999999
GR86-035-11,7,170.619,170.62,False,21.67,94.56,4.68,0.0,21.0,11.0,15.0,45:45.641,2:47.504,84.39857225748598,True,140.0,167.504,2745.641,41.952,-112.61375000000001,0.6023985573702193,-1.2580000000000098,1997.381,7.873511767420396,35.69435146443515,16133.73264,0.75,0.6028469446963284,3.115000000000009,0.4666666666666667,0,0,0.004138852514104052,283.23275,240.6128616789991,170.619,872.224,8,67.1407837620286,21.332,94.65285714285714,5.831999999999999
GR86-035-11,32768,268.481,,False,,,,,21.0,11.0,15.0,45:45.641,2:47.504,53.63508032225744,False,140.0,167.504,2745.641,41.952,-14.751750000000015,0.9479165103611782,97.862,2265.862,,,,0.75,0.3831077165875531,100.977,2184.5333333333333,0,0,0.004138852514104052,283.23275,240.6128616789991,170.619,872.224,8,67.1407837620286,21.332,94.65285714285714,5.831999999999999
GR86-036-98,1,906.154,906.162,False,21.0,94.67,2.52,0.0,6.0,98.0,15.0,45:06.161,2:44.157,15.891338558346597,False,142.9,164.15699999999998,2706.161,2.472,467.09900000000005,2.0638735465943903,,906.154,43.150190476190474,345.8603053435114,85785.59918,0.21428571428571427,0.11120600810599438,741.9970000000001,0.06666666666666667,1,0,0.0020292624863268386,439.05499999999995,491.7898715607249,167.786,1483.312,8,61.826497167463565,21.322,94.63714285714286,6.4799999999999995
GR86-036-98,2,229.087,229.097,False,,94.6,0.36,0.0,6.0,98.0,15.0,45:06.161,2:44.157,62.8582154378031,False,142.9,164.15699999999998,2706.161,2.472,-209.96799999999996,0.5217728986117912,-677.067,1135.241,,498.01521739130436,21671.630199999996,0.21428571428571427,0.43987554540100143,64.93,0.13333333333333333,0,0,0.0020292624863268386,439.05499999999995,491.7898715607249,167.786,1483.312,8,61.826497167463565,21.322,94.63714285714286,6.4799999999999995
GR86-036-98,3,213.7,213.701,False,21.19,94.62,18.36,0.0,6.0,98.0,15.0,45:06.161,2:44.157,67.38418343472158,False,142.9,164.15699999999998,2706.161,2.472,-225.35499999999996,0.48672717541082555,-15.387,1348.941,10.084945729117507,11.576381365113757,20220.294,0.21428571428571427,0.4715478196971419,49.543000000000006,0.2,0,0,0.0020292624863268386,439.05499999999995,491.7898715607249,167.786,1483.312,8,61.826497167463565,21.322,94.63714285714286,6.4799999999999995
GR86-036-98,4,171.913,171.933,False,21.26,94.68,,0.0,6.0,98.0,15.0,45:06.161,2:44.157,83.7632988779208,False,142.9,164.15699999999998,2706.161,2.472,-267.14199999999994,0.3915523112138571,-41.78699999999998,1520.854,8.086218250235182,,16276.722840000002,0.21428571428571427,0.5861672419728537,7.756000000000029,0.26666666666666666,0,0,0.0020292624863268386,439.05499999999995,491.7898715607249,167.786,1483.312,8,61.826497167463565,21.322,94.63714285714286,6.4799999999999995
GR86-036-98,5,168.675,168.67,False,,94.76,,0.0,6.0,98.0,15.0,45:06.161,2:44.157,85.3712761227212,False,142.9,164.15699999999998,2706.161,2.472,-270.37999999999994,0.3841773809659383,-3.2379999999999995,1689.529,,,15983.643000000002,0.21428571428571427,0.5974197069469642,4.518000000000029,0.3333333333333333,0,0,0.0020292624863268386,439.05499999999995,491.7898715607249,167.786,1483.312,8,61.826497167463565,21.322,94.63714285714286,6.4799999999999995
GR86-036-98,6,171.813,171.811,False,21.49,94.57,,0.0,6.0,98.0,15.0,45:06.161,2:44.157,83.81205147456829,False,142.9,164.15699999999998,2706.161,2.472,-267.24199999999996,0.3913245493161449,3.137999999999977,1861.342,7.99502093997208,,16248.355409999998,0.21428571428571427,0.5865084077996381,7.656000000000006,0.4,0,0,0.0020292624863268386,439.05499999999995,491.7898715607249,167.786,1483.312,8,61.826497167463565,21.322,94.63714285714286,6.4799999999999995
GR86-036-98,7,167.786,167.794,False,21.67,94.56,4.68,0.0,6.0,98.0,15.0,45:06.161,2:44.157,85.82360864434457,True,142.9,164.15699999999998,2706.161,2.472,-271.26899999999995,0.3821525776952774,-4.026999999999987,2029.128,7.742778034148592,35.10167364016737,15865.84416,0.21428571428571427,0.6005850849849165,3.629000000000019,0.4666666666666667,0,0,0.0020292624863268386,439.05499999999995,491.7898715607249,167.786,1483.312,8,61.826497167463565,21.322,94.63714285714286,6.4799999999999995
GR86-036-98,32768,1483.312,,False,,,,,6.0,98.0,15.0,45:06.161,2:44.157,9.708004789282365,False,142.9,164.15699999999998,2706.161,2.472,1044.257,3.3784195601917757,1315.5259999999998,3512.4399999999996,,,,0.21428571428571427,0.06793565282912781,1319.155,2184.5333333333333,0,0,0.0020292624863268386,439.05499999999995,491.7898715607249,167.786,1483.312,8,61.826497167463565,21.322,94.63714285714286,6.4799999999999995
GR86-037-03,1,843.713,843.723,False,21.0,94.67,2.52,0.0,17.0,3.0,15.0,45:24.584,2:44.837,17.067415104425322,False,142.3,164.837,2724.584,20.895,118.69024999999999,1.1637055526878295,,843.713,40.176809523809524,322.02786259541983,79874.30971,0.6071428571428571,0.11993967044571553,678.876,0.06666666666666667,1,0,0.0007800999717966875,725.02275,1280.8869839167533,169.443,3842.901,8,61.66845287010993,21.332,94.65285714285714,7.56
GR86-037-03,2,235.279,235.324,False,,94.6,9.0,0.0,17.0,3.0,15.0,45:24.584,2:44.837,61.20393235265366,False,142.3,164.837,2724.584,20.895,-489.74375,0.32451257563986785,-608.434,1078.992,,25.854835164835166,22257.393399999997,0.6071428571428571,0.4301049357178753,70.44200000000001,0.13333333333333333,0,0,0.0007800999717966875,725.02275,1280.8869839167533,169.443,3842.901,8,61.66845287010993,21.332,94.65285714285714,7.56
GR86-037-03,3,197.318,197.274,False,21.19,94.62,18.36,0.0,17.0,3.0,15.0,45:24.584,2:44.837,72.97864361082111,False,142.3,164.837,2724.584,20.895,-527.70475,0.2721542186090023,-37.960999999999984,1276.31,9.31184521000472,10.688949079089925,18670.229160000003,0.6071428571428571,0.5128506227042945,32.48100000000002,0.2,0,0,0.0007800999717966875,725.02275,1280.8869839167533,169.443,3842.901,8,61.66845287010993,21.332,94.65285714285714,7.56
GR86-037-03,4,171.776,171.78,False,21.31,94.79,3.24,0.0,17.0,3.0,15.0,45:24.584,2:44.837,83.8301043219076,False,142.3,164.837,2724.584,20.895,-553.24675,0.23692497925065112,-25.542,1448.086,8.060816518066636,51.42994011976048,16282.647040000002,0.6071428571428571,0.5891082524378608,6.939000000000021,0.26666666666666666,0,0,0.0007800999717966875,725.02275,1280.8869839167533,169.443,3842.901,8,61.66845287010993,21.332,94.65285714285714,7.56
GR86-037-03,5,170.196,170.199,False,,94.76,,0.0,17.0,3.0,15.0,45:24.584,2:44.837,84.6083339208912,False,142.3,164.837,2724.584,20.895,-554.82675,0.23474573728893336,-1.5800000000000125,1618.282,,,16127.77296,0.6071428571428571,0.5945771884813155,5.359000000000009,0.3333333333333333,0,0,0.0007800999717966875,725.02275,1280.8869839167533,169.443,3842.901,8,61.66845287010993,21.332,94.65285714285714,7.56
GR86-037-03,6,169.443,169.446,False,21.49,94.57,,0.0,17.0,3.0,15.0,45:24.584,2:44.837,84.9843310139693,True,142.3,164.837,2724.584,20.895,-555.57975,0.23370714918945648,-0.7529999999999859,1787.725,7.884737087017219,,16024.22451,0.6071428571428571,0.5972194730426513,4.606000000000023,0.4,0,0,0.0007800999717966875,725.02275,1280.8869839167533,169.443,3842.901,8,61.66845287010993,21.332,94.65285714285714,7.56
GR86-037-03,7,169.556,169.567,False,21.67,94.56,4.68,0.0,17.0,3.0,15.0,45:24.584,2:44.837,84.92769350539055,False,142.3,164.837,2724.584,20.895,-555.4667499999999,0.23386300636773125,0.11299999999999955,1957.281,7.8244577757268114,35.47196652719666,16033.215360000002,0.6071428571428571,0.5968214582248106,4.7190000000000225,0.4666666666666667,0,0,0.0007800999717966875,725.02275,1280.8869839167533,169.443,3842.901,8,61.66845287010993,21.332,94.65285714285714,7.56
GR86-037-03,32768,3842.901,,True,,,,,17.0,3.0,15.0,45:24.584,2:44.837,3.7471691308207,False,142.3,164.837,2724.584,20.895,3117.8782499999998,5.300386780966528,3673.345,5800.182,,,,0.6071428571428571,0.026332882156153897,3678.064,2184.5333333333333,0,0,0.0007800999717966875,725.02275,1280.8869839167533,169.443,3842.901,8,61.66845287010993,21.332,94.65285714285714,7.56
GR86-040-3,1,869.293,869.301,False,21.0,94.67,2.52,0.0,17.0,3.0,15.0,45:24.584,2:44.837,16.565185731393214,False,142.3,164.837,2724.584,20.895,411.4205,1.8985481766212209,,869.293,41.39490476190476,331.7912213740458,82295.96831,0.6071428571428571,0.11641030029088695,704.456,0.06666666666666667,1,0,0.0018271183948539728,457.8725,546.3099076756447,169.899,1672.722,8,61.76374315624674,21.332,94.65285714285714,7.56
GR86-040-3,2,231.897,231.902,False,,94.6,9.0,0.0,17.0,3.0,15.0,45:24.584,2:44.837,62.096534237182894,False,142.3,164.837,2724.584,20.895,-225.9755,0.5064663197724257,-637.396,1101.19,,25.483186813186812,21937.456199999997,0.6071428571428571,0.43637761234843914,67.06,0.13333333333333333,0,0,0.0018271183948539728,457.8725,546.3099076756447,169.899,1672.722,8,61.76374315624674,21.332,94.65285714285714,7.56
GR86-040-3,3,203.41,203.456,False,21.19,94.62,18.36,0.0,17.0,3.0,15.0,45:24.584,2:44.837,70.79297969618013,False,142.3,164.837,2724.584,20.895,-254.4625,0.44425030985700165,-28.486999999999995,1304.6,9.599339310995752,11.01895991332611,19246.6542,0.6071428571428571,0.4974910730581878,38.57300000000001,0.2,0,0,0.0018271183948539728,457.8725,546.3099076756447,169.899,1672.722,8,61.76374315624674,21.332,94.65285714285714,7.56
GR86-040-3,4,171.927,171.882,False,21.31,94.79,3.24,0.0,17.0,3.0,15.0,45:24.584,2:44.837,83.75647804009841,False,142.3,164.837,2724.584,20.895,-285.94550000000004,0.3754909936718191,-31.483000000000004,1476.527,8.067902393242608,51.4751497005988,16296.96033,0.6071428571428571,0.5885908505980212,7.090000000000003,0.26666666666666666,0,0,0.0018271183948539728,457.8725,546.3099076756447,169.899,1672.722,8,61.76374315624674,21.332,94.65285714285714,7.56
GR86-040-3,5,173.253,173.301,False,,94.76,,0.0,17.0,3.0,15.0,45:24.584,2:44.837,83.11544388841753,False,142.3,164.837,2724.584,20.895,-284.6195,0.37838699637999657,1.3259999999999934,1649.78,,,16417.454279999998,0.6071428571428571,0.5840860427857872,8.415999999999997,0.3333333333333333,0,0,0.0018271183948539728,457.8725,546.3099076756447,169.899,1672.722,8,61.76374315624674,21.332,94.65285714285714,7.56
GR86-040-3,6,170.579,170.542,False,21.49,94.57,,0.0,17.0,3.0,15.0,45:24.584,2:44.837,84.41836333898075,False,142.3,164.837,2724.584,20.895,-287.2935,0.37254694265324956,-2.673999999999978,1820.359,7.93759888320149,,16131.65603,0.6071428571428571,0.5932421879056975,5.742000000000019,0.4,0,0,0.0018271183948539728,457.8725,546.3099076756447,169.899,1672.722,8,61.76374315624674,21.332,94.65285714285714,7.56
GR86-040-3,7,169.899,169.895,False,21.67,94.56,4.68,0.0,17.0,3.0,15.0,45:24.584,2:44.837,84.75623752935567,True,142.3,164.837,2724.584,20.895,-287.9735,0.37106181305931235,-0.6800000000000068,1990.258,7.840286109829257,35.54372384937239,16065.649440000001,0.6071428571428571,0.59561656731803,5.062000000000012,0.4666666666666667,0,0,0.0018271183948539728,457.8725,546.3099076756447,169.899,1672.722,8,61.76374315624674,21.332,94.65285714285714,7.56
GR86-040-3,32768,1672.722,,False,,,,,17.0,3.0,15.0,45:24.584,2:44.837,8.608722788365311,False,142.3,164.837,2724.584,20.895,1214.8495,3.653248447984974,1502.8229999999999,3662.98,,,,0.6071428571428571,0.06049699781001624,1507.885,2184.5333333333333,0,0,0.0018271183948539728,457.8725,546.3099076756447,169.899,1672.722,8,61.76374315624674,21.332,94.65285714285714,7.56
GR86-047-21,1,888.383,888.402,False,21.0,94.67,2.52,0.0,4.0,21.0,15.0,45:05.289,2:44.295,16.209225075220935,False,142.7,164.29500000000002,2705.289,1.6,314.161875,1.5471095738597218,,888.383,42.30395238095238,339.07748091603054,84103.21861000001,0.14285714285714285,0.1135895240029498,724.088,0.06666666666666667,1,0,0.0011746887312176575,574.221125,850.2893445086692,168.646,2588.041,8,61.61530191817064,21.322,94.63714285714286,6.4799999999999995
GR86-047-21,2,229.289,229.293,False,,94.6,0.36,0.0,4.0,21.0,15.0,45:05.289,2:44.295,62.80283833938829,False,142.7,164.29500000000002,2705.289,1.6,-344.93212500000004,0.3993043620608698,-659.094,1117.672,,498.454347826087,21690.7394,0.14285714285714285,0.4401039827567505,64.99399999999997,0.13333333333333333,0,0,0.0011746887312176575,574.221125,850.2893445086692,168.646,2588.041,8,61.61530191817064,21.322,94.63714285714286,6.4799999999999995
GR86-047-21,3,209.805,209.802,False,21.19,94.62,18.36,0.0,4.0,21.0,15.0,45:05.289,2:44.295,68.63516122113391,False,142.7,164.29500000000002,2705.289,1.6,-364.416125,0.36537318267418323,-19.48399999999998,1327.477,9.901132609721566,11.365384615384615,19851.7491,0.14285714285714285,0.4809752012693337,45.50999999999999,0.2,0,0,0.0011746887312176575,574.221125,850.2893445086692,168.646,2588.041,8,61.61530191817064,21.322,94.63714285714286,6.4799999999999995
GR86-047-21,4,171.37,171.392,False,21.26,94.68,,0.0,4.0,21.0,15.0,45:05.289,2:44.295,84.0287098091848,False,142.7,164.29500000000002,2705.289,1.6,-402.851125,0.2984390377487418,-38.435,1498.847,8.060677328316086,,16225.3116,0.14285714285714285,0.5888487022367541,7.074999999999989,0.26666666666666666,0,0,0.0011746887312176575,574.221125,850.2893445086692,168.646,2588.041,8,61.61530191817064,21.322,94.63714285714286,6.4799999999999995
GR86-047-21,5,169.453,169.489,False,,94.76,,0.0,4.0,21.0,15.0,45:05.289,2:44.295,84.979315798481,False,142.7,164.29500000000002,2705.289,1.6,-404.76812500000005,0.2951006025770995,-1.9170000000000016,1668.3,,,16057.366280000002,0.14285714285714285,0.5955102718884443,5.157999999999987,0.3333333333333333,0,0,0.0011746887312176575,574.221125,850.2893445086692,168.646,2588.041,8,61.61530191817064,21.322,94.63714285714286,6.4799999999999995
GR86-047-21,6,168.646,168.601,False,21.49,94.57,,0.0,4.0,21.0,15.0,45:05.289,2:44.295,85.38595638200728,True,142.7,164.29500000000002,2705.289,1.6,-405.57512500000007,0.2936952206347337,-0.8070000000000164,1836.946,7.847650069799907,,15948.852219999997,0.14285714285714285,0.59835989055366,4.350999999999971,0.4,0,0,0.0011746887312176575,574.221125,850.2893445086692,168.646,2588.041,8,61.61530191817064,21.322,94.63714285714286,6.4799999999999995
GR86-047-21,7,168.782,168.786,False,21.67,94.56,4.68,0.0,4.0,21.0,15.0,45:05.289,2:44.295,85.31715467289166,False,142.7,164.29500000000002,2705.289,1.6,-405.439125,0.29393206319255494,0.1360000000000241,2005.728,7.788740193816336,35.31004184100419,15960.025920000002,0.14285714285714285,0.5978777482332983,4.486999999999995,0.4666666666666667,0,0,0.0011746887312176575,574.221125,850.2893445086692,168.646,2588.041,8,61.61530191817064,21.322,94.63714285714286,6.4799999999999995
GR86-047-21,32768,2588.041,,False,,,,,4.0,21.0,15.0,45:05.289,2:44.295,5.564054047057214,False,142.7,164.29500000000002,2705.289,1.6,2013.8198750000001,4.507045957252095,2419.259,4593.769,,,,0.14285714285714285,0.038991268724997995,2423.746,2184.5333333333333,0,0,0.0011746887312176575,574.221125,850.2893445086692,168.646,2588.041,8,61.61530191817064,21.322,94.63714285714286,6.4799999999999995
GR86-049-88,0,42.015,,False,,,,,8.0,88.0,15.0,45:07.074,2:42.431,342.73473759371655,False,144.4,162.43099999999998,2707.074,3.385,-160.95300000000003,0.20700307437625634,,42.015,,,,0.2857142857142857,2.3735092631143804,-120.41599999999998,0.0,0,0,0.003998437805575413,202.96800000000002,249.09767529848833,0.0,870.114,10,inf,21.304285714285715,94.64666666666668,6.4799999999999995
GR86-049-88,1,231.559,231.578,False,,94.6,0.36,0.0,8.0,88.0,15.0,45:07.074,2:42.431,62.18717475891673,False,144.4,162.43099999999998,2707.074,3.385,28.59099999999998,1.1408645697843993,189.54399999999998,273.574,,503.38913043478266,21905.481399999997,0.2857142857142857,0.43065910497864773,69.12800000000001,0.06666666666666667,1,0,0.003998437805575413,202.96800000000002,249.09767529848833,0.0,870.114,10,inf,21.304285714285715,94.64666666666668,6.4799999999999995
GR86-049-88,2,204.603,204.595,False,21.19,94.62,18.36,0.0,8.0,88.0,15.0,45:07.074,2:42.431,70.38019970381666,False,144.4,162.43099999999998,2707.074,3.385,1.634999999999991,1.008055457017855,-26.95599999999999,478.177,9.655639452571968,11.08358613217768,19359.53586,0.2857142857142857,0.48739750487407657,42.172000000000025,0.13333333333333333,0,0,0.003998437805575413,202.96800000000002,249.09767529848833,0.0,870.114,10,inf,21.304285714285715,94.64666666666668,6.4799999999999995
GR86-049-88,3,171.814,171.815,False,21.26,94.68,,0.0,8.0,88.0,15.0,45:07.074,2:42.431,83.81156366768715,False,144.4,162.43099999999998,2707.074,3.385,-31.154000000000025,0.8465078238934215,-32.789000000000016,649.991,8.081561618062088,,16267.34952,0.2857142857142857,0.5804124907734567,9.38300000000001,0.2,0,0,0.003998437805575413,202.96800000000002,249.09767529848833,0.0,870.114,10,inf,21.304285714285715,94.64666666666668,6.4799999999999995
GR86-049-88,3,0.042,0.09,True,21.26,94.68,,0.0,8.0,88.0,15.0,45:07.074,2:42.431,342857.14285714284,False,144.4,162.43099999999998,2707.074,3.385,-202.92600000000002,0.0002069291711008632,-171.772,650.033,0.001975540921919097,,3.9765600000000005,0.2857142857142857,2374.3569449940637,-162.38899999999998,0.2,0,0,0.003998437805575413,202.96800000000002,249.09767529848833,0.0,870.114,10,inf,21.304285714285715,94.64666666666668,6.4799999999999995
GR86-049-88,4,0.0,0.001,True,21.26,94.68,,0.0,8.0,88.0,15.0,45:07.074,2:42.431,inf,True,144.4,162.43099999999998,2707.074,3.385,-202.96800000000002,0.0,-0.042,650.033,0.0,,0.0,0.2857142857142857,inf,-162.43099999999998,0.26666666666666666,0,0,0.003998437805575413,202.96800000000002,249.09767529848833,0.0,870.114,10,inf,21.304285714285715,94.64666666666668,6.4799999999999995
GR86-049-88,4,169.961,169.915,False,,94.76,,0.0,8.0,88.0,15.0,45:07.074,2:42.431,84.72531933796576,False,144.4,162.43099999999998,2707.074,3.385,-33.007000000000005,0.8373783059398526,169.961,819.994,,,16105.504360000003,0.2857142857142857,0.5867404386285717,7.53000000000003,0.26666666666666666,0,0,0.003998437805575413,202.96800000000002,249.09767529848833,0.0,870.114,10,inf,21.304285714285715,94.64666666666668,6.4799999999999995
GR86-049-88,5,169.788,169.789,False,21.49,94.57,,0.0,8.0,88.0,15.0,45:07.074,2:42.431,84.81164746625203,False,144.4,162.43099999999998,2707.074,3.385,-33.18000000000001,0.8365259548303181,-0.17300000000000182,989.782,7.900791065611914,,16056.85116,0.2857142857142857,0.5873382788521608,7.357000000000028,0.3333333333333333,0,0,0.003998437805575413,202.96800000000002,249.09767529848833,0.0,870.114,10,inf,21.304285714285715,94.64666666666668,6.4799999999999995
GR86-049-88,6,169.784,169.787,False,21.67,94.56,4.68,0.0,8.0,88.0,15.0,45:07.074,2:42.431,84.8136455731989,False,144.4,162.43099999999998,2707.074,3.385,-33.184000000000026,0.8365062472902132,-0.004000000000019099,1159.566,7.834979233964004,35.51966527196653,16054.77504,0.2857142857142857,0.5873521161578871,7.353000000000009,0.4,0,0,0.003998437805575413,202.96800000000002,249.09767529848833,0.0,870.114,10,inf,21.304285714285715,94.64666666666668,6.4799999999999995
GR86-049-88,32768,870.114,870.136,False,21.0,94.67,2.52,0.0,8.0,88.0,15.0,45:07.074,2:42.431,16.549555575476315,False,144.4,162.43099999999998,2707.074,3.385,667.146,4.286951637696583,700.33,2029.68,41.434000000000005,332.10458015267176,82373.69238000001,0.2857142857142857,0.11460911063349248,707.683,2184.5333333333333,0,0,0.003998437805575413,202.96800000000002,249.09767529848833,0.0,870.114,10,inf,21.304285714285715,94.64666666666668,6.4799999999999995
GR86-051-71,1,893.851,893.877,False,21.0,94.67,2.52,0.0,12.0,71.0,15.0,45:17.816,2:44.894,16.110067561595837,False,142.2,164.894,2717.816,14.127,402.78225,1.8202156011760062,,893.851,42.56433333333333,341.16450381679385,84620.87417,0.42857142857142855,0.11329161435721405,728.957,0.06666666666666667,1,0,0.0015949942296005198,491.06875,625.9615158736084,169.176,1913.08,8,61.60497773354494,21.322,94.63714285714286,6.4799999999999995
GR86-051-71,2,228.976,228.976,False,,94.6,0.36,0.0,12.0,71.0,15.0,45:17.816,2:44.894,62.88868702396757,False,142.2,164.894,2717.816,14.127,-262.09275,0.46628094335060005,-664.875,1122.827,,497.7739130434783,21661.1296,0.42857142857142855,0.44225518300961725,64.082,0.13333333333333333,0,0,0.0015949942296005198,491.06875,625.9615158736084,169.176,1913.08,8,61.60497773354494,21.322,94.63714285714286,6.4799999999999995
GR86-051-71,3,211.319,211.328,False,21.19,94.62,18.36,0.0,12.0,71.0,15.0,45:17.816,2:44.894,68.14342297663723,False,142.2,164.894,2717.816,14.127,-279.74975000000006,0.4303246744982245,-17.65700000000001,1334.146,9.972581406323737,11.447399783315275,19995.00378,0.42857142857142855,0.4792083191043406,46.42499999999998,0.2,0,0,0.0015949942296005198,491.06875,625.9615158736084,169.176,1913.08,8,61.60497773354494,21.322,94.63714285714286,6.4799999999999995
GR86-051-71,4,170.615,170.613,False,21.26,94.68,,0.0,12.0,71.0,15.0,45:17.816,2:44.894,84.40055094804092,False,142.2,164.894,2717.816,14.127,-320.45375,0.3474360769240559,-40.70399999999998,1504.761,8.02516462841016,,16153.828200000002,0.42857142857142855,0.5935341135586563,5.721000000000004,0.26666666666666666,0,0,0.0015949942296005198,491.06875,625.9615158736084,169.176,1913.08,8,61.60497773354494,21.322,94.63714285714286,6.4799999999999995
GR86-051-71,5,169.176,169.179,False,,94.76,,0.0,12.0,71.0,15.0,45:17.816,2:44.894,85.11845651865514,True,142.2,164.894,2717.816,14.127,-321.89275000000004,0.34450573366763815,-1.4390000000000214,1673.937,,,16031.11776,0.42857142857142855,0.5985826759399095,4.281999999999982,0.3333333333333333,0,0,0.0015949942296005198,491.06875,625.9615158736084,169.176,1913.08,8,61.60497773354494,21.322,94.63714285714286,6.4799999999999995
GR86-051-71,6,170.599,170.604,False,21.49,94.57,,0.0,12.0,71.0,15.0,45:17.816,2:44.894,84.40846663813973,False,142.2,164.894,2717.816,14.127,-320.46975000000003,0.3474034949281541,1.4230000000000018,1844.536,7.938529548627269,,16133.547429999999,0.42857142857142855,0.5935897794524595,5.704999999999984,0.4,0,0,0.0015949942296005198,491.06875,625.9615158736084,169.176,1913.08,8,61.60497773354494,21.322,94.63714285714286,6.4799999999999995
GR86-051-71,7,170.934,170.94,False,21.67,94.56,4.68,0.0,12.0,71.0,15.0,45:17.816,2:44.894,84.24304117378638,False,142.2,164.894,2717.816,14.127,-320.13475000000005,0.348085680467348,0.33500000000000796,2015.47,7.88804799261652,35.76025104602511,16163.519040000001,0.42857142857142855,0.5924264498859803,6.039999999999992,0.4666666666666667,0,0,0.0015949942296005198,491.06875,625.9615158736084,169.176,1913.08,8,61.60497773354494,21.322,94.63714285714286,6.4799999999999995
GR86-051-71,32768,1913.08,,False,,,,,12.0,71.0,15.0,45:17.816,2:44.894,7.5271290275367475,False,142.2,164.894,2717.816,14.127,1422.01125,3.8957477949879724,1742.146,3928.55,,,,0.42857142857142855,0.05293339681812059,1748.186,2184.5333333333333,0,0,0.0015949942296005198,491.06875,625.9615158736084,169.176,1913.08,8,61.60497773354494,21.322,94.63714285714286,6.4799999999999995
GR86-057-57,1,850.797,850.806,False,21.0,94.67,2.52,0.0,26.0,57.0,15.0,47:03.020,2:54.076,16.92530650672252,False,134.7,174.076,2823.02,,327.624,1.6262249772063926,,850.797,40.51414285714286,324.731679389313,80544.95199,0.9285714285714286,0.12565186716200832,676.721,0.06666666666666667,1,0,0.0015813771589336743,523.173,631.3602148612681,176.374,1842.165,7,57.19691260136135,21.284,94.65333333333332,8.568000000000001
GR86-057-57,2,234.056,234.067,False,,94.6,9.0,0.0,26.0,57.0,15.0,47:03.020,2:54.076,61.5237379088765,False,134.7,174.076,2823.02,,-289.11699999999996,0.4473778272196769,-616.741,1084.853,,25.720439560439562,22141.6976,0.9285714285714286,0.45674638388178546,59.98000000000002,0.13333333333333333,0,0,0.0015813771589336743,523.173,631.3602148612681,176.374,1842.165,7,57.19691260136135,21.284,94.65333333333332,8.568000000000001
GR86-057-57,3,199.125,199.124,False,21.19,94.62,18.36,0.0,26.0,57.0,15.0,47:03.020,2:54.076,72.31638418079096,False,134.7,174.076,2823.02,,-324.048,0.3806102379136538,-34.93100000000001,1283.978,9.397121283624351,10.786836403033586,18841.2075,0.9285714285714286,0.5368699642226501,25.049000000000007,0.2,0,0,0.0015813771589336743,523.173,631.3602148612681,176.374,1842.165,7,57.19691260136135,21.284,94.65333333333332,8.568000000000001
GR86-057-57,4,178.091,178.101,False,21.31,94.79,3.24,0.0,26.0,57.0,15.0,47:03.020,2:54.076,80.8575391232572,False,134.7,174.076,2823.02,,-345.082,0.34040556374277725,-21.033999999999992,1462.069,8.357156264664477,53.32065868263473,16881.245890000002,0.9285714285714286,0.6002786868838693,4.015000000000015,0.26666666666666666,0,0,0.0015813771589336743,523.173,631.3602148612681,176.374,1842.165,7,57.19691260136135,21.284,94.65333333333332,8.568000000000001
GR86-057-57,5,181.603,181.6,False,21.43,94.67,9.72,0.0,26.0,57.0,15.0,47:03.020,2:54.076,79.29384426468725,False,134.7,174.076,2823.02,,-341.57,0.34711844839087647,3.5120000000000005,1643.672,8.474241717218852,18.49317718940937,17192.35601,0.9285714285714286,0.5886699648454882,7.527000000000015,0.3333333333333333,0,0,0.0015813771589336743,523.173,631.3602148612681,176.374,1842.165,7,57.19691260136135,21.284,94.65333333333332,8.568000000000001
GR86-057-57,6,176.374,176.393,False,21.49,94.57,,0.0,26.0,57.0,15.0,47:03.020,2:54.076,81.64468685860729,True,134.7,174.076,2823.02,,-346.799,0.3371236665500704,-5.229000000000013,1820.046,8.20725919032108,,16679.689179999998,0.9285714285714286,0.6061223968716206,2.298000000000002,0.4,0,0,0.0015813771589336743,523.173,631.3602148612681,176.374,1842.165,7,57.19691260136135,21.284,94.65333333333332,8.568000000000001
GR86-057-57,32768,1842.165,,False,,,,,26.0,57.0,15.0,47:03.020,2:54.076,7.8168893665876835,False,134.7,174.076,2823.02,,1318.992,3.5211392789765528,1665.791,3662.2110000000002,,,,0.9285714285714286,0.05803184384994569,1668.089,2184.5333333333333,0,0,0.0015813771589336743,523.173,631.3602148612681,176.374,1842.165,7,57.19691260136135,21.284,94.65333333333332,8.568000000000001
GR86-062-012,0,0.516,0.536,True,,,,,23.0,12.0,15.0,46:06.872,2:48.533,27906.97674418605,True,139.2,168.53300000000002,2766.872,,-312.56044444444444,0.001648159767866421,,0.516,,,,0.8214285714285714,200.48115477145151,-168.01700000000002,0.0,0,0,0.0037259734496027544,313.07644444444446,267.3862387979751,0.516,854.351,9,3151.690117094224,21.2475,94.66833333333334,8.28
GR86-062-012,1,854.351,854.369,False,21.0,94.67,2.52,0.0,23.0,12.0,15.0,46:06.872,2:48.533,16.854899215896044,False,139.2,168.53300000000002,2766.872,,541.2745555555555,2.7288894299155904,853.835,854.867,40.68338095238095,326.0881679389313,80881.40917,0.8214285714285714,0.12108404609120722,685.818,0.06666666666666667,1,0,0.0037259734496027544,313.07644444444446,267.3862387979751,0.516,854.351,9,3151.690117094224,21.2475,94.66833333333334,8.28
GR86-062-012,2,233.604,233.618,False,,94.6,9.0,0.0,23.0,12.0,15.0,46:06.872,2:48.533,61.64278008938203,False,139.2,168.53300000000002,2766.872,,-79.47244444444445,0.7461564232803632,-620.747,1088.471,,25.670769230769235,22098.9384,0.8214285714285714,0.4428360638605031,65.071,0.13333333333333333,0,0,0.0037259734496027544,313.07644444444446,267.3862387979751,0.516,854.351,9,3151.690117094224,21.2475,94.66833333333334,8.28
GR86-062-012,3,201.599,201.617,False,21.19,94.62,18.36,0.0,23.0,12.0,15.0,46:06.872,2:48.533,71.42892573871895,False,139.2,168.53300000000002,2766.872,,-111.47744444444447,0.6439289942676406,-32.005000000000024,1290.07,9.513874469089192,10.92085590465872,19075.29738,0.8214285714285714,0.5131388343298775,33.065999999999974,0.2,0,0,0.0037259734496027544,313.07644444444446,267.3862387979751,0.516,854.351,9,3151.690117094224,21.2475,94.66833333333334,8.28
GR86-062-012,4,176.937,176.966,False,21.31,94.79,3.24,0.0,23.0,12.0,15.0,46:06.872,2:48.533,81.38489971006629,False,139.2,168.53300000000002,2766.872,,-136.13944444444445,0.5651559008662421,-24.661999999999978,1467.007,8.303003284842799,52.9751497005988,16771.85823,0.8214285714285714,0.5846616358481774,8.403999999999996,0.26666666666666666,0,0,0.0037259734496027544,313.07644444444446,267.3862387979751,0.516,854.351,9,3151.690117094224,21.2475,94.66833333333334,8.28
GR86-062-012,5,174.841,174.849,False,,94.76,,0.0,23.0,12.0,15.0,46:06.872,2:48.533,82.36054472349163,False,139.2,168.53300000000002,2766.872,,-138.23544444444445,0.5584610503363041,-2.0960000000000036,1641.848,,,16567.93316,0.8214285714285714,0.591670579910141,6.307999999999993,0.3333333333333333,0,0,0.0037259734496027544,313.07644444444446,267.3862387979751,0.516,854.351,9,3151.690117094224,21.2475,94.66833333333334,8.28
GR86-062-012,6,174.0,173.96,False,21.49,94.57,,0.0,23.0,12.0,15.0,46:06.872,2:48.533,82.75862068965517,False,139.2,168.53300000000002,2766.872,,-139.07644444444446,0.555774805443328,-0.8410000000000082,1815.848,8.09678920428106,,16455.18,0.8214285714285714,0.5945303210463734,5.4669999999999845,0.4,0,0,0.0037259734496027544,313.07644444444446,267.3862387979751,0.516,854.351,9,3151.690117094224,21.2475,94.66833333333334,8.28
GR86-062-012,32768,368.647,,False,,,,,23.0,12.0,15.0,46:06.872,2:48.533,39.06175826739401,False,139.2,168.53300000000002,2766.872,,55.57055555555553,1.1774983603578535,194.647,2184.495,,,,0.8214285714285714,0.2806160795071409,200.11399999999998,2184.5333333333333,0,0,0.0037259734496027544,313.07644444444446,267.3862387979751,0.516,854.351,9,3151.690117094224,21.2475,94.66833333333334,8.28
GR86-062-012,32768,633.193,633.191,False,,,,,23.0,12.0,15.0,46:06.872,2:48.533,22.741881227366697,False,139.2,168.53300000000002,2766.872,,320.1165555555555,2.022486875764811,264.546,2817.688,,,,0.8214285714285714,0.16337558352993317,464.65999999999997,2184.5333333333333,0,0,0.0037259734496027544,313.07644444444446,267.3862387979751,0.516,854.351,9,3151.690117094224,21.2475,94.66833333333334,8.28
GR86-063-113,1,885.443,885.452,False,21.0,94.67,2.52,0.0,13.0,113.0,15.0,45:18.320,2:44.993,16.26304572965171,False,142.1,164.993,2718.32,14.631,249.47362499999997,1.3922730162910752,,885.443,42.16395238095238,337.95534351145034,83824.88881,0.4642857142857143,0.11444789394547299,720.45,0.06666666666666667,1,0,0.0009819102400549177,635.969375,1017.4230281008889,169.983,3079.666,8,61.1673536648755,21.322,94.63714285714286,6.4799999999999995
GR86-063-113,2,229.153,229.165,False,,94.6,0.36,0.0,13.0,113.0,15.0,45:18.320,2:44.993,62.84011119208565,False,142.1,164.993,2718.32,14.631,-406.816375,0.36032080947294043,-656.29,1114.596,,498.15869565217395,21677.873799999998,0.4642857142857143,0.4422245685579567,64.16,0.13333333333333333,0,0,0.0009819102400549177,635.969375,1017.4230281008889,169.983,3079.666,8,61.1673536648755,21.322,94.63714285714286,6.4799999999999995
GR86-063-113,3,209.297,209.292,False,21.19,94.62,18.36,0.0,13.0,113.0,15.0,45:18.320,2:44.993,68.80175062232139,False,142.1,164.993,2718.32,14.631,-426.672375,0.3290991802867866,-19.855999999999995,1323.893,9.877159037281736,11.337865655471289,19803.68214,0.4642857142857143,0.4841783998755904,44.304,0.2,0,0,0.0009819102400549177,635.969375,1017.4230281008889,169.983,3079.666,8,61.1673536648755,21.322,94.63714285714286,6.4799999999999995
GR86-063-113,4,171.604,171.609,False,21.26,94.68,,0.0,13.0,113.0,15.0,45:18.320,2:44.993,83.91412787580708,False,142.1,164.993,2718.32,14.631,-464.365375,0.26983060308525075,-37.692999999999984,1495.497,8.071683913452492,,16247.466720000002,0.4642857142857143,0.5905286972259471,6.611000000000018,0.26666666666666666,0,0,0.0009819102400549177,635.969375,1017.4230281008889,169.983,3079.666,8,61.1673536648755,21.322,94.63714285714286,6.4799999999999995
GR86-063-113,5,172.481,172.489,False,,94.76,,0.0,13.0,113.0,15.0,45:18.320,2:44.993,83.48745658942146,False,142.1,164.993,2718.32,14.631,-463.488375,0.2712096003050461,0.8769999999999811,1667.978,,,16344.29956,0.4642857142857143,0.5875260843731278,7.4879999999999995,0.3333333333333333,0,0,0.0009819102400549177,635.969375,1017.4230281008889,169.983,3079.666,8,61.1673536648755,21.322,94.63714285714286,6.4799999999999995
GR86-063-113,6,170.128,170.13,False,21.49,94.57,,0.0,13.0,113.0,15.0,45:18.320,2:44.993,84.64215179159223,False,142.1,164.993,2718.32,14.631,-465.841375,0.26750973661271027,-2.3530000000000086,1838.106,7.9166123778501625,,16089.004959999998,0.4642857142857143,0.595652018237806,5.134999999999991,0.4,0,0,0.0009819102400549177,635.969375,1017.4230281008889,169.983,3079.666,8,61.1673536648755,21.322,94.63714285714286,6.4799999999999995
GR86-063-113,7,169.983,169.982,False,21.67,94.56,4.68,0.0,13.0,113.0,15.0,45:18.320,2:44.993,84.71435378832,True,142.1,164.993,2718.32,14.631,-465.986375,0.2672817382126301,-0.1449999999999818,2008.089,7.844162436548223,35.561297071129715,16073.592480000001,0.4642857142857143,0.596160125181703,4.990000000000009,0.4666666666666667,0,0,0.0009819102400549177,635.969375,1017.4230281008889,169.983,3079.666,8,61.1673536648755,21.322,94.63714285714286,6.4799999999999995
GR86-063-113,32768,3079.666,,True,,,,,13.0,113.0,15.0,45:18.320,2:44.993,4.675831729804465,False,142.1,164.993,2718.32,14.631,2443.696625,4.8424753157335605,2909.683,5087.755,,,,0.4642857142857143,0.03290521977343044,2914.6730000000002,2184.5333333333333,0,0,0.0009819102400549177,635.969375,1017.4230281008889,169.983,3079.666,8,61.1673536648755,21.322,94.63714285714286,6.4799999999999995
GR86-065-5,1,861.57,861.584,False,21.0,94.67,2.52,0.0,18.0,5.0,15.0,45:26.660,2:43.278,16.713673874438523,False,143.6,163.278,2726.66,22.971,479.6069,2.255636735590427,,861.57,41.02714285714286,328.8435114503817,81564.8319,0.6428571428571429,0.11639048659079752,698.292,0.06666666666666667,1,0,0.0017684814077843492,381.96310000000005,564.4568917706944,0.0,1836.048,10,inf,21.332,94.64111111111112,7.971428571428571
GR86-065-5,2,232.076,232.084,False,,94.6,9.0,0.0,18.0,5.0,15.0,45:26.660,2:43.278,62.04863923887002,False,143.6,163.278,2726.66,22.971,-149.88710000000006,0.6075874868540966,-629.494,1093.646,,25.502857142857142,21954.3896,0.6428571428571429,0.43209358801441516,68.798,0.13333333333333333,0,0,0.0017684814077843492,381.96310000000005,564.4568917706944,0.0,1836.048,10,inf,21.332,94.64111111111112,7.971428571428571
GR86-065-5,2,0.044,0.08,True,,94.6,9.0,0.0,18.0,5.0,15.0,45:26.660,2:43.278,327272.7272727273,False,143.6,163.278,2726.66,22.971,-381.91910000000007,0.00011519437348791019,-232.03199999999998,1093.69,,0.004835164835164835,4.1624,0.6428571428571429,2279.0579893643962,-163.23399999999998,0.13333333333333333,0,0,0.0017684814077843492,381.96310000000005,564.4568917706944,0.0,1836.048,10,inf,21.332,94.64111111111112,7.971428571428571
GR86-065-5,3,0.0,0.001,True,,94.6,9.0,0.0,18.0,5.0,15.0,45:26.660,2:43.278,inf,True,143.6,163.278,2726.66,22.971,-381.96310000000005,0.0,-0.044,1093.69,,0.0,0.0,0.6428571428571429,inf,-163.278,0.2,0,0,0.0017684814077843492,381.96310000000005,564.4568917706944,0.0,1836.048,10,inf,21.332,94.64111111111112,7.971428571428571
GR86-065-5,3,203.938,203.898,False,21.19,94.62,18.36,0.0,18.0,5.0,15.0,45:26.660,2:43.278,70.60969510341378,False,143.6,163.278,2726.66,22.971,-178.02510000000007,0.5339206850085779,203.938,1297.6280000000002,9.624256724870222,11.04756229685807,19296.61356,0.6428571428571429,0.49171096868672554,40.66,0.2,0,0,0.0017684814077843492,381.96310000000005,564.4568917706944,0.0,1836.048,10,inf,21.332,94.64111111111112,7.971428571428571
GR86-065-5,4,172.147,172.143,False,21.31,94.79,3.24,0.0,18.0,5.0,15.0,45:26.660,2:43.278,83.64943914212853,False,143.6,163.278,2726.66,22.971,-209.81610000000006,0.45069013210961995,-31.790999999999997,1469.775,8.078226184889724,51.54101796407185,16317.81413,0.6428571428571429,0.5825169856694188,8.869,0.26666666666666666,0,0,0.0017684814077843492,381.96310000000005,564.4568917706944,0.0,1836.048,10,inf,21.332,94.64111111111112,7.971428571428571
GR86-065-5,5,171.25,171.26,False,,94.76,,0.0,18.0,5.0,15.0,45:26.660,2:43.278,84.08759124087592,False,143.6,163.278,2726.66,22.971,-210.71310000000005,0.4483417377228323,-0.8969999999999914,1641.025,,,16227.650000000001,0.6428571428571429,0.5855681841286624,7.972000000000008,0.3333333333333333,0,0,0.0017684814077843492,381.96310000000005,564.4568917706944,0.0,1836.048,10,inf,21.332,94.64111111111112,7.971428571428571
GR86-065-5,6,172.523,172.518,False,21.49,94.57,,0.0,18.0,5.0,15.0,45:26.660,2:43.278,83.46713191864274,False,143.6,163.278,2726.66,22.971,-209.44010000000006,0.451674520392153,1.2729999999999961,1813.548,8.02805956258725,,16315.500109999999,0.6428571428571429,0.5812474367593505,9.245000000000005,0.4,0,0,0.0017684814077843492,381.96310000000005,564.4568917706944,0.0,1836.048,10,inf,21.332,94.64111111111112,7.971428571428571
GR86-065-5,7,170.035,170.037,False,21.67,94.56,4.68,0.0,18.0,5.0,15.0,45:26.660,2:43.278,84.68844649630958,False,143.6,163.278,2726.66,22.971,-211.92810000000006,0.4451608021822003,-2.4879999999999995,1983.583,7.84656206737425,35.57217573221758,16078.5096,0.6428571428571429,0.5897524129269469,6.757000000000005,0.4666666666666667,0,0,0.0017684814077843492,381.96310000000005,564.4568917706944,0.0,1836.048,10,inf,21.332,94.64111111111112,7.971428571428571
GR86-065-5,32768,1836.048,,False,,,,,18.0,5.0,15.0,45:26.660,2:43.278,7.842932210922591,False,143.6,163.278,2726.66,22.971,1454.0848999999998,4.806872705766604,1666.013,3819.6310000000003,,,,0.6428571428571429,0.054616519574669856,1672.77,2184.5333333333333,0,0,0.0017684814077843492,381.96310000000005,564.4568917706944,0.0,1836.048,10,inf,21.332,94.64111111111112,7.971428571428571
